objective,run,iteration,intersect_revenue,surrogate_mean,surrogate_std,error,percent_error,abs_error
ensemble_mean,0,0,421457248.0,421194528.0,33930284.0,-262720.0,-0.0623360972546378,262720.0
ensemble_mean,0,50,428441408.0,433232448.0,26297164.0,4791040.0,1.1182485890812868,4791040.0
ensemble_mean,0,100,356605664.0,437790720.0,23649332.0,81185056.0,22.766059038254646,81185056.0
ensemble_mean,1,0,404615680.0,416208896.0,36057308.0,11593216.0,2.865241406363688,11593216.0
ensemble_mean,1,50,476098368.0,435473504.0,30830072.0,-40624864.0,-8.532871929525285,40624864.0
ensemble_mean,1,100,461296128.0,438461024.0,28477774.0,-22835104.0,-4.950205001503936,22835104.0
ensemble_mean,2,0,482313664.0,415125440.0,37913688.0,-67188224.0,-13.930400279930696,67188224.0
ensemble_mean,2,50,454700544.0,431919264.0,31719810.0,-22781280.0,-5.0101721452965755,22781280.0
ensemble_mean,2,100,392644064.0,433554336.0,30250600.0,40910272.0,10.419174960454768,40910272.0
ensemble_mean,3,0,414344608.0,417585984.0,32788334.0,3241376.0,0.7822898952748047,3241376.0
ensemble_mean,3,50,430116512.0,436049152.0,29326572.0,5932640.0,1.3793099856626756,5932640.0
ensemble_mean,3,100,340437504.0,441448704.0,28236830.0,101011200.0,29.670996530394017,101011200.0
ensemble_mean,4,0,445783968.0,424260096.0,35390804.0,-21523872.0,-4.828318994190477,21523872.0
ensemble_mean,4,50,404812320.0,433756224.0,31694122.0,28943904.0,7.149956305677653,28943904.0
ensemble_mean,4,100,502396864.0,436725440.0,30043456.0,-65671424.0,-13.071622994844171,65671424.0
ensemble_mean,5,0,387551744.0,417334432.0,34013064.0,29782688.0,7.684828790242781,29782688.0
ensemble_mean,5,50,402605280.0,430079232.0,35911004.0,27473952.0,6.824041651912761,27473952.0
ensemble_mean,5,100,433282848.0,430689856.0,35736536.0,-2592992.0,-0.5984524917081416,2592992.0
ensemble_mean,6,0,382275360.0,414954304.0,30541444.0,32678944.0,8.548535275723761,32678944.0
ensemble_mean,6,50,416354528.0,423710656.0,33010034.0,7356128.0,1.7667942835486588,7356128.0
ensemble_mean,6,100,406860224.0,424574016.0,31426554.0,17713792.0,4.353778264645501,17713792.0
ensemble_mean,7,0,370312096.0,419790816.0,35566328.0,49478720.0,13.361356686550147,49478720.0
ensemble_mean,7,50,360429152.0,431875008.0,28818402.0,71445856.0,19.822440999445018,71445856.0
ensemble_mean,7,100,479103296.0,433682432.0,28230476.0,-45420864.0,-9.48039063375594,45420864.0
ensemble_mean,8,0,391533440.0,419031264.0,31292940.0,27497824.0,7.023109954541813,27497824.0
ensemble_mean,8,50,420207008.0,428638656.0,30180016.0,8431648.0,2.0065462592189798,8431648.0
ensemble_mean,8,100,429303104.0,429051168.0,29265062.0,-251936.0,-0.058684877340183406,251936.0
ensemble_mean,9,0,465844320.0,421030336.0,34762592.0,-44813984.0,-9.619948569942851,44813984.0
ensemble_mean,9,50,450595552.0,432282048.0,29583000.0,-18313504.0,-4.064288677221563,18313504.0
ensemble_mean,9,100,432964192.0,434617952.0,28682274.0,1653760.0,0.38196230324747044,1653760.0
ensemble_mean,10,0,457686528.0,418216160.0,31267246.0,-39470368.0,-8.623886783925613,39470368.0
ensemble_mean,10,50,329245760.0,430302048.0,28744744.0,101056288.0,30.693269368146154,101056288.0
ensemble_mean,10,100,477899456.0,433247840.0,26565074.0,-44651616.0,-9.343307559655393,44651616.0
ensemble_mean,11,0,379191872.0,430810368.0,36320700.0,51618496.0,13.612764357987084,51618496.0
ensemble_mean,11,50,380576096.0,438163712.0,31284590.0,57587616.0,15.131695501968679,57587616.0
ensemble_mean,11,100,442062560.0,439269984.0,29963676.0,-2792576.0,-0.6317151129016672,2792576.0
ensemble_mean,12,0,450378592.0,415889088.0,34046436.0,-34489504.0,-7.65789151896456,34489504.0
ensemble_mean,12,50,441786464.0,431581632.0,30990034.0,-10204832.0,-2.3099014640702076,10204832.0
ensemble_mean,12,100,500140000.0,435176896.0,31099156.0,-64963104.0,-12.988983884512336,64963104.0
ensemble_mean,13,0,401704032.0,427254144.0,32515748.0,25550112.0,6.360432050629754,25550112.0
ensemble_mean,13,50,414662016.0,442119584.0,28206074.0,27457568.0,6.621674264951241,27457568.0
ensemble_mean,13,100,461650368.0,443039904.0,28308618.0,-18610464.0,-4.0312897573602715,18610464.0
ensemble_mean,14,0,352177728.0,415650720.0,34405244.0,63472992.0,18.02300002344271,63472992.0
ensemble_mean,14,50,413748832.0,428795968.0,29473972.0,15047136.0,3.636780296699424,15047136.0
ensemble_mean,14,100,475917152.0,430378176.0,28995492.0,-45538976.0,-9.568677196992471,45538976.0
ensemble_mean,15,0,433064320.0,417281344.0,36114980.0,-15782976.0,-3.6444877287512396,15782976.0
ensemble_mean,15,50,489205952.0,430053472.0,31884036.0,-59152480.0,-12.09152909079896,59152480.0
ensemble_mean,15,100,363783904.0,434904480.0,26042646.0,71120576.0,19.550226169434918,71120576.0
ensemble_mean,16,0,370636352.0,429932640.0,33850052.0,59296288.0,15.998508424775343,59296288.0
ensemble_mean,16,50,463027808.0,440851648.0,28107144.0,-22176160.0,-4.789379734186505,22176160.0
ensemble_mean,16,100,493967680.0,443594336.0,26716706.0,-50373344.0,-10.197700383960344,50373344.0
ensemble_mean,17,0,431809792.0,417138592.0,36398548.0,-14671200.0,-3.3976070649180645,14671200.0
ensemble_mean,17,50,438579328.0,429269504.0,35582680.0,-9309824.0,-2.1227229387336743,9309824.0
ensemble_mean,17,100,435580128.0,432130816.0,30589712.0,-3449312.0,-0.7918892020712203,3449312.0
ensemble_mean,18,0,371131296.0,419867168.0,27117030.0,48735872.0,13.131706359789177,48735872.0
ensemble_mean,18,50,497722016.0,433073728.0,28689348.0,-64648288.0,-12.988834313489562,64648288.0
ensemble_mean,18,100,443804768.0,434781344.0,27720736.0,-9023424.0,-2.03319672311407,9023424.0
ensemble_mean,19,0,396708192.0,413707840.0,40176736.0,16999648.0,4.285176949408697,16999648.0
ensemble_mean,19,50,422525024.0,427316608.0,33921728.0,4791584.0,1.1340355547793544,4791584.0
ensemble_mean,19,100,454338240.0,431590304.0,34325864.0,-22747936.0,-5.006828392873116,22747936.0
ensemble_mean,20,0,495934752.0,421875872.0,34565352.0,-74058880.0,-14.93319024354236,74058880.0
ensemble_mean,20,50,334584224.0,436446304.0,29124458.0,101862080.0,30.444376241720235,101862080.0
ensemble_mean,20,100,358523776.0,436915712.0,28635348.0,78391936.0,21.865198697449845,78391936.0
ensemble_mean,21,0,447591104.0,408986496.0,32935218.0,-38604608.0,-8.624972135281759,38604608.0
ensemble_mean,21,50,378416416.0,421839936.0,30105490.0,43423520.0,11.475062434923542,43423520.0
ensemble_mean,21,100,360256832.0,423397408.0,29638088.0,63140576.0,17.526545062162764,63140576.0
ensemble_mean,22,0,427520832.0,424739392.0,35345896.0,-2781440.0,-0.6505975362622797,2781440.0
ensemble_mean,22,50,421590400.0,438132832.0,33998204.0,16542432.0,3.92381610207443,16542432.0
ensemble_mean,22,100,482450752.0,438917568.0,33431686.0,-43533184.0,-9.023342552485026,43533184.0
ensemble_mean,23,0,471407712.0,421919008.0,36998576.0,-49488704.0,-10.498068389683027,49488704.0
ensemble_mean,23,50,390990208.0,431140000.0,32483694.0,40149792.0,10.268746167678962,40149792.0
ensemble_mean,23,100,446350784.0,433174592.0,30954460.0,-13176192.0,-2.951981372569965,13176192.0
ensemble_mean,24,0,510838880.0,413873344.0,38580884.0,-96965536.0,-18.981628023301596,96965536.0
ensemble_mean,24,50,386838656.0,428233408.0,35438600.0,41394752.0,10.700779603577157,41394752.0
ensemble_mean,24,100,331529152.0,429261952.0,34297896.0,97732800.0,29.47939854170049,97732800.0
ensemble_mean,25,0,453435104.0,422858304.0,36797732.0,-30576800.0,-6.743368506378368,30576800.0
ensemble_mean,25,50,405264256.0,435600224.0,33312936.0,30335968.0,7.485478314672784,30335968.0
ensemble_mean,25,100,441564768.0,437861184.0,32251756.0,-3703584.0,-0.8387408299749133,3703584.0
ensemble_mean,26,0,458870464.0,422585248.0,37597020.0,-36285216.0,-7.907507422399712,36285216.0
ensemble_mean,26,50,448942112.0,432949056.0,31037244.0,-15993056.0,-3.5623871257593227,15993056.0
ensemble_mean,26,100,481864864.0,434296224.0,30352226.0,-47568640.0,-9.871780151208535,47568640.0
ensemble_mean,27,0,455935328.0,422748352.0,36865488.0,-33186976.0,-7.278877937706113,33186976.0
ensemble_mean,27,50,388884288.0,430695840.0,36693220.0,41811552.0,10.751669144318837,41811552.0
ensemble_mean,27,100,372983520.0,432672864.0,35388740.0,59689344.0,16.00321215264417,59689344.0
ensemble_mean,28,0,420467616.0,420948128.0,35138080.0,480512.0,0.11428038253485852,480512.0
ensemble_mean,28,50,383504128.0,434066880.0,31712388.0,50562752.0,13.184408799896932,50562752.0
ensemble_mean,28,100,493417216.0,436198336.0,29637008.0,-57218880.0,-11.596449849046207,57218880.0
ensemble_mean,29,0,494219936.0,423395520.0,40489312.0,-70824416.0,-14.330546147778222,70824416.0
ensemble_mean,29,50,409692064.0,434316960.0,34281460.0,24624896.0,6.010586526762696,24624896.0
ensemble_mean,29,100,399944192.0,438765568.0,31992664.0,38821376.0,9.706698278543822,38821376.0
ensemble_mean,30,0,481078048.0,420246208.0,33083684.0,-60831840.0,-12.644900396702367,60831840.0
ensemble_mean,30,50,354678400.0,434904768.0,25732232.0,80226368.0,22.61946822811877,80226368.0
ensemble_mean,30,100,355821120.0,437954976.0,25659548.0,82133856.0,23.08290637722685,82133856.0
ensemble_mean,31,0,393725568.0,410032064.0,40768836.0,16306496.0,4.141589301104266,16306496.0
ensemble_mean,31,50,431285216.0,423790272.0,37769388.0,-7494944.0,-1.7378161184175627,7494944.0
ensemble_mean,31,100,385149888.0,428306784.0,34997112.0,43156896.0,11.205220965817858,43156896.0
ensemble_mean,32,0,409546112.0,418476352.0,34494336.0,8930240.0,2.1805212498269304,8930240.0
ensemble_mean,32,50,449757664.0,433311808.0,27183050.0,-16445856.0,-3.656603837216657,16445856.0
ensemble_mean,32,100,436423968.0,434956480.0,27555552.0,-1467488.0,-0.33625284301525804,1467488.0
ensemble_mean,33,0,493772352.0,431497632.0,31944508.0,-62274720.0,-12.612030573959718,62274720.0
ensemble_mean,33,50,465280608.0,443233376.0,28734832.0,-22047232.0,-4.7384807406372715,22047232.0
ensemble_mean,33,100,432861184.0,443852864.0,27868542.0,10991680.0,2.539308306286017,10991680.0
ensemble_mean,34,0,503660064.0,427270080.0,31780132.0,-76389984.0,-15.166972619056015,76389984.0
ensemble_mean,34,50,478701280.0,437114624.0,30718384.0,-41586656.0,-8.687391853224206,41586656.0
ensemble_mean,34,100,419462496.0,438060608.0,30231038.0,18598112.0,4.433796150395291,18598112.0
ensemble_mean,35,0,394310368.0,414153152.0,36808956.0,19842784.0,5.03227548913956,19842784.0
ensemble_mean,35,50,352064768.0,427031008.0,32900398.0,74966240.0,21.293309303815374,74966240.0
ensemble_mean,35,100,281698848.0,430200928.0,31925604.0,148502080.0,52.716608908531995,148502080.0
ensemble_mean,36,0,465204960.0,428084480.0,40526436.0,-37120480.0,-7.979381819144835,37120480.0
ensemble_mean,36,50,415593856.0,438739616.0,31617302.0,23145760.0,5.569321987281737,23145760.0
ensemble_mean,36,100,389263776.0,439583552.0,30632202.0,50319776.0,12.926909489774872,50319776.0
ensemble_mean,37,0,429259168.0,416983392.0,39337772.0,-12275776.0,-2.859758606250665,12275776.0
ensemble_mean,37,50,446817728.0,430373696.0,32392406.0,-16444032.0,-3.6802550502203886,16444032.0
ensemble_mean,37,100,457837824.0,431236800.0,32456310.0,-26601024.0,-5.810141190955862,26601024.0
ensemble_mean,38,0,363363200.0,421728352.0,30813302.0,58365152.0,16.062482937182413,58365152.0
ensemble_mean,38,50,357243936.0,434867200.0,26743954.0,77623264.0,21.728364340941535,77623264.0
ensemble_mean,38,100,384816416.0,436756544.0,24751806.0,51940128.0,13.49737844863666,51940128.0
ensemble_mean,39,0,437294784.0,411982528.0,37408352.0,-25312256.0,-5.788373638593412,25312256.0
ensemble_mean,39,50,428141088.0,433165376.0,31671288.0,5024288.0,1.173512223148272,5024288.0
ensemble_mean,39,100,356529248.0,436586336.0,31268806.0,80057088.0,22.454563952071613,80057088.0
ensemble_mean,40,0,383048064.0,424198720.0,37842048.0,41150656.0,10.74294843583911,41150656.0
ensemble_mean,40,50,427199808.0,440518752.0,27587870.0,13318944.0,3.117731738306399,13318944.0
ensemble_mean,40,100,449222112.0,442499136.0,25672110.0,-6722976.0,-1.4965817176871292,6722976.0
ensemble_mean,41,0,455364032.0,421481984.0,35810324.0,-33882048.0,-7.440650912015817,33882048.0
ensemble_mean,41,50,408963936.0,433948928.0,29992772.0,24984992.0,6.109338697287968,24984992.0
ensemble_mean,41,100,412932320.0,435106816.0,28843080.0,22174496.0,5.370007365855983,22174496.0
ensemble_mean,42,0,481625280.0,423533760.0,36941976.0,-58091520.0,-12.061559559332101,58091520.0
ensemble_mean,42,50,462371648.0,435945056.0,30298342.0,-26426592.0,-5.7154438673540815,26426592.0
ensemble_mean,42,100,431888960.0,437481152.0,28402866.0,5592192.0,1.2948217060236964,5592192.0
ensemble_mean,43,0,444353120.0,419339200.0,38799572.0,-25013920.0,-5.629288706243359,25013920.0
ensemble_mean,43,50,474372704.0,432081216.0,33270988.0,-42291488.0,-8.915244836684364,42291488.0
ensemble_mean,43,100,439136384.0,433315744.0,32726454.0,-5820640.0,-1.3254743200690926,5820640.0
ensemble_mean,44,0,398760416.0,412290560.0,34177696.0,13530144.0,3.3930509291072664,13530144.0
ensemble_mean,44,50,415074176.0,428425056.0,32309136.0,13350880.0,3.2165046085642293,13350880.0
ensemble_mean,44,100,397209856.0,431431584.0,29681806.0,34221728.0,8.615528412265782,34221728.0
ensemble_mean,45,0,393978208.0,413122784.0,37329548.0,19144576.0,4.8592982076815785,19144576.0
ensemble_mean,45,50,433183104.0,432260608.0,30908074.0,-922496.0,-0.21295752107635296,922496.0
ensemble_mean,45,100,493531200.0,434840512.0,29626716.0,-58690688.0,-11.891991428302811,58690688.0
ensemble_mean,46,0,446890496.0,423431104.0,40925160.0,-23459392.0,-5.249472121241978,23459392.0
ensemble_mean,46,50,428114688.0,439713856.0,34128920.0,11599168.0,2.709359974119832,11599168.0
ensemble_mean,46,100,444183392.0,442081440.0,32686090.0,-2101952.0,-0.47321715261249575,2101952.0
ensemble_mean,47,0,439835488.0,425290560.0,36266404.0,-14544928.0,-3.306901875093808,14544928.0
ensemble_mean,47,50,400873920.0,437165920.0,31862680.0,36292000.0,9.053220523799602,36292000.0
ensemble_mean,47,100,429586880.0,439647488.0,28574534.0,10060608.0,2.3419262711188944,10060608.0
ensemble_mean,48,0,453419392.0,419066688.0,30375906.0,-34352704.0,-7.576364091635498,34352704.0
ensemble_mean,48,50,410417696.0,437213088.0,28708590.0,26795392.0,6.528810102769057,26795392.0
ensemble_mean,48,100,445776672.0,439359680.0,27255398.0,-6416992.0,-1.4395082567263637,6416992.0
ensemble_mean,49,0,487750304.0,412911360.0,34362648.0,-74838944.0,-15.34370012407004,74838944.0
ensemble_mean,49,50,444098016.0,422872832.0,33761436.0,-21225184.0,-4.7793917638217955,21225184.0
ensemble_mean,49,100,449622912.0,425415552.0,34199460.0,-24207360.0,-5.383924918843993,24207360.0
ensemble_mean,50,0,450956128.0,413383968.0,30377394.0,-37572160.0,-8.331666356688249,37572160.0
ensemble_mean,50,50,432757856.0,428681728.0,28596766.0,-4076128.0,-0.9418957838630202,4076128.0
ensemble_mean,50,100,430483008.0,430639968.0,29154376.0,156960.0,0.03646136945781609,156960.0
ensemble_mean,51,0,443743872.0,410944768.0,35781540.0,-32799104.0,-7.39144945307549,32799104.0
ensemble_mean,51,50,371114208.0,423176512.0,36965336.0,52062304.0,14.028647483095016,52062304.0
ensemble_mean,51,100,351961312.0,426772480.0,35936944.0,74811168.0,21.25550890093284,74811168.0
ensemble_mean,52,0,456625568.0,420402336.0,35822364.0,-36223232.0,-7.932808528146194,36223232.0
ensemble_mean,52,50,419276448.0,431202752.0,32330474.0,11926304.0,2.844496526549471,11926304.0
ensemble_mean,52,100,435162016.0,432886112.0,29967186.0,-2275904.0,-0.5230015296187983,2275904.0
ensemble_mean,53,0,424587680.0,421461568.0,39400344.0,-3126112.0,-0.7362700679397952,3126112.0
ensemble_mean,53,50,432636032.0,433583712.0,35097424.0,947680.0,0.21904786700706427,947680.0
ensemble_mean,53,100,406750080.0,435836768.0,34065496.0,29086688.0,7.150997487203936,29086688.0
ensemble_mean,54,0,427762144.0,420605760.0,33297762.0,-7156384.0,-1.6729820766935375,7156384.0
ensemble_mean,54,50,458085312.0,433405792.0,29404484.0,-24679520.0,-5.387537944023841,24679520.0
ensemble_mean,54,100,472207552.0,434063968.0,29467274.0,-38143584.0,-8.077715792228583,38143584.0
ensemble_mean,55,0,450340960.0,422009536.0,32623126.0,-28331424.0,-6.291105299415803,28331424.0
ensemble_mean,55,50,433852640.0,433541376.0,32254812.0,-311264.0,-0.07174417562608355,311264.0
ensemble_mean,55,100,476479648.0,435284160.0,31350486.0,-41195488.0,-8.645802223225282,41195488.0
ensemble_mean,56,0,466008640.0,423160544.0,34018952.0,-42848096.0,-9.194699909426571,42848096.0
ensemble_mean,56,50,408583232.0,433821376.0,29342744.0,25238144.0,6.176989661680487,25238144.0
ensemble_mean,56,100,455162336.0,435295904.0,28068402.0,-19866432.0,-4.3646915460070055,19866432.0
ensemble_mean,57,0,447732768.0,414143040.0,38029444.0,-33589728.0,-7.502182194536183,33589728.0
ensemble_mean,57,50,411808544.0,425505344.0,32156810.0,13696800.0,3.3260116137852647,13696800.0
ensemble_mean,57,100,391268544.0,428139648.0,32580002.0,36871104.0,9.423477702311791,36871104.0
ensemble_mean,58,0,339612704.0,416995456.0,37671976.0,77382752.0,22.785588138658085,77382752.0
ensemble_mean,58,50,431546912.0,426125440.0,36011244.0,-5421472.0,-1.256287983819474,5421472.0
ensemble_mean,58,100,496383648.0,429727680.0,32033458.0,-66655968.0,-13.428316639471571,66655968.0
ensemble_mean,59,0,412881792.0,419125056.0,36896500.0,6243264.0,1.5121189940969835,6243264.0
ensemble_mean,59,50,477580480.0,434325952.0,30950708.0,-43254528.0,-9.057013385471702,43254528.0
ensemble_mean,59,100,403045504.0,436204544.0,29996964.0,33159040.0,8.22712067766919,33159040.0
ensemble_mean,60,0,445258816.0,419444864.0,34767552.0,-25813952.0,-5.797516202351847,25813952.0
ensemble_mean,60,50,452835456.0,427581376.0,33586852.0,-25254080.0,-5.576877796424139,25254080.0
ensemble_mean,60,100,463762976.0,428194368.0,34379368.0,-35568608.0,-7.669566101801106,35568608.0
ensemble_mean,61,0,342136608.0,416621344.0,30244828.0,74484736.0,21.77046660847237,74484736.0
ensemble_mean,61,50,444325696.0,429746752.0,27901882.0,-14578944.0,-3.2811390678607077,14578944.0
ensemble_mean,61,100,393626176.0,432633920.0,25836614.0,39007744.0,9.909845020062894,39007744.0
ensemble_mean,62,0,535872832.0,418352416.0,39805676.0,-117520416.0,-21.930653875731473,117520416.0
ensemble_mean,62,50,465961568.0,432892160.0,31729602.0,-33069408.0,-7.097024791538173,33069408.0
ensemble_mean,62,100,460118624.0,434257344.0,31173042.0,-25861280.0,-5.6205679690114,25861280.0
ensemble_mean,63,0,396675552.0,426023872.0,33020420.0,29348320.0,7.398570406476676,29348320.0
ensemble_mean,63,50,487467776.0,439602848.0,29248880.0,-47864928.0,-9.819095816499674,47864928.0
ensemble_mean,63,100,494068352.0,440452800.0,29079202.0,-53615552.0,-10.85184909799687,53615552.0
ensemble_mean,64,0,398729568.0,419572416.0,25369584.0,20842848.0,5.227314368619886,20842848.0
ensemble_mean,64,50,317308064.0,432357184.0,24982806.0,115049120.0,36.25786201260867,115049120.0
ensemble_mean,64,100,300930784.0,434101824.0,26377044.0,133171040.0,44.25304657432454,133171040.0
ensemble_mean,65,0,400073664.0,420582912.0,35831972.0,20509248.0,5.126367928082364,20509248.0
ensemble_mean,65,50,403074464.0,433009472.0,29630874.0,29935008.0,7.426669430490144,29935008.0
ensemble_mean,65,100,424973216.0,434981376.0,29097568.0,10008160.0,2.3550095919456724,10008160.0
ensemble_mean,66,0,355363616.0,404523904.0,33236650.0,49160288.0,13.833798899660005,49160288.0
ensemble_mean,66,50,427041376.0,419568672.0,32824986.0,-7472704.0,-1.749878213206207,7472704.0
ensemble_mean,66,100,380987008.0,424144064.0,34963092.0,43157056.0,11.327697557602805,43157056.0
ensemble_mean,67,0,425787328.0,409258688.0,34813852.0,-16528640.0,-3.8819004026348103,16528640.0
ensemble_mean,67,50,501009280.0,427600416.0,37805992.0,-73408864.0,-14.652196462309043,73408864.0
ensemble_mean,67,100,492753888.0,430987936.0,36249108.0,-61765952.0,-12.534848228330976,61765952.0
ensemble_mean,68,0,365531072.0,397637056.0,29638088.0,32105984.0,8.78338025392271,32105984.0
ensemble_mean,68,50,302318752.0,423425568.0,34614464.0,121106816.0,40.05931329062909,121106816.0
ensemble_mean,68,100,325438880.0,428574272.0,32537104.0,103135392.0,31.6911710118963,103135392.0
ensemble_mean,69,0,442391680.0,418245376.0,31446018.0,-24146304.0,-5.458127964793551,24146304.0
ensemble_mean,69,50,445677888.0,437064608.0,28672644.0,-8613280.0,-1.9326244877556051,8613280.0
ensemble_mean,69,100,455705216.0,439174976.0,28728534.0,-16530240.0,-3.6273975850212783,16530240.0
ensemble_mean,70,0,457987040.0,425119232.0,29936672.0,-32867808.0,-7.176580367863685,32867808.0
ensemble_mean,70,50,462581952.0,437429248.0,24734752.0,-25152704.0,-5.437459004020978,25152704.0
ensemble_mean,70,100,466276576.0,439482976.0,24461100.0,-26793600.0,-5.746289086587099,26793600.0
ensemble_mean,71,0,471693504.0,418311136.0,40481996.0,-53382368.0,-11.317172601978424,53382368.0
ensemble_mean,71,50,394166912.0,432430400.0,32254078.0,38263488.0,9.707432774062983,38263488.0
ensemble_mean,71,100,432320320.0,434921312.0,29998302.0,2600992.0,0.6016353799886158,2600992.0
ensemble_mean,72,0,465345696.0,430111584.0,39525284.0,-35234112.0,-7.571599415845892,35234112.0
ensemble_mean,72,50,478449664.0,440365984.0,32470368.0,-38083680.0,-7.959809122156683,38083680.0
ensemble_mean,72,100,456562752.0,441694304.0,30992012.0,-14868448.0,-3.256605567332834,14868448.0
ensemble_mean,73,0,306052576.0,412443680.0,33244448.0,106391104.0,34.762361876019625,106391104.0
ensemble_mean,73,50,434216960.0,424959488.0,36921592.0,-9257472.0,-2.1319922648806715,9257472.0
ensemble_mean,73,100,471851936.0,426554656.0,37343620.0,-45297280.0,-9.599892793488507,45297280.0
ensemble_mean,74,0,409992352.0,419193888.0,36892716.0,9201536.0,2.244318937929847,9201536.0
ensemble_mean,74,50,458161024.0,431886016.0,32420352.0,-26275008.0,-5.734885034655414,26275008.0
ensemble_mean,74,100,487336192.0,433301856.0,31527742.0,-54034336.0,-11.087692005440056,54034336.0
ensemble_mean,75,0,442275168.0,419461568.0,37788244.0,-22813600.0,-5.158236693044453,22813600.0
ensemble_mean,75,50,343504640.0,434642944.0,31622760.0,91138304.0,26.53189895775498,91138304.0
ensemble_mean,75,100,371411552.0,437965504.0,29136766.0,66553952.0,17.919192777288735,66553952.0
ensemble_mean,76,0,418424704.0,424651552.0,40064764.0,6226848.0,1.4881645229054161,6226848.0
ensemble_mean,76,50,476213216.0,438663360.0,28606692.0,-37549856.0,-7.885093218412485,37549856.0
ensemble_mean,76,100,480372320.0,439347968.0,28485776.0,-41024352.0,-8.540115716908918,41024352.0
ensemble_mean,77,0,401206688.0,425036832.0,34951896.0,23830144.0,5.939617836081536,23830144.0
ensemble_mean,77,50,468832832.0,437644032.0,31440516.0,-31188800.0,-6.65243512638637,31188800.0
ensemble_mean,77,100,478848448.0,440228704.0,31272162.0,-38619744.0,-8.065128781622365,38619744.0
ensemble_mean,78,0,497982784.0,410243808.0,34553280.0,-87738976.0,-17.618877362635892,87738976.0
ensemble_mean,78,50,401572736.0,426432288.0,30970916.0,24859552.0,6.1905477567082645,24859552.0
ensemble_mean,78,100,373474048.0,431641920.0,29806466.0,58167872.0,15.574809631752512,58167872.0
ensemble_mean,79,0,484647136.0,424376000.0,40843968.0,-60271136.0,-12.436086282783688,60271136.0
ensemble_mean,79,50,431005472.0,436923808.0,34792256.0,5918336.0,1.3731463715616121,5918336.0
ensemble_mean,79,100,420657696.0,439107136.0,33668180.0,18449440.0,4.385855809945767,18449440.0
ensemble_mean,80,0,315514464.0,398830496.0,29773370.0,83316032.0,26.406406522142834,83316032.0
ensemble_mean,80,50,464753376.0,434826752.0,30170216.0,-29926624.0,-6.439248329419343,29926624.0
ensemble_mean,80,100,464049952.0,437127360.0,29826264.0,-26922592.0,-5.801658180109024,26922592.0
ensemble_mean,81,0,515074912.0,413947776.0,33842040.0,-101127136.0,-19.63348119739134,101127136.0
ensemble_mean,81,50,485322336.0,426999072.0,32973114.0,-58323264.0,-12.017428350958898,58323264.0
ensemble_mean,81,100,444292352.0,431039040.0,30443764.0,-13253312.0,-2.9830160119434153,13253312.0
ensemble_mean,82,0,409249152.0,417014880.0,41128232.0,7765728.0,1.897555062007801,7765728.0
ensemble_mean,82,50,433427040.0,432480256.0,32162432.0,-946784.0,-0.21844137827672216,946784.0
ensemble_mean,82,100,398843168.0,436804032.0,28349578.0,37960864.0,9.517742071490115,37960864.0
ensemble_mean,83,0,478593696.0,419233696.0,35174108.0,-59360000.0,-12.403004990688386,59360000.0
ensemble_mean,83,50,384031168.0,428980000.0,36006592.0,44948832.0,11.704474986780241,44948832.0
ensemble_mean,83,100,429908096.0,431466336.0,33587320.0,1558240.0,0.3624588637660827,1558240.0
ensemble_mean,84,0,367393504.0,411031232.0,30824960.0,43637728.0,11.877653666952153,43637728.0
ensemble_mean,84,50,382819648.0,426756128.0,26124156.0,43936480.0,11.477070267824915,43936480.0
ensemble_mean,84,100,338534656.0,430004672.0,23226476.0,91470016.0,27.019395024655914,91470016.0
ensemble_mean,85,0,496343904.0,428069664.0,33713808.0,-68274240.0,-13.75543034774534,68274240.0
ensemble_mean,85,50,447569120.0,438928576.0,33990616.0,-8640544.0,-1.9305496321998263,8640544.0
ensemble_mean,85,100,448947584.0,440821600.0,33452992.0,-8125984.0,-1.8100072902942719,8125984.0
ensemble_mean,86,0,406097376.0,392263104.0,32457948.0,-13834272.0,-3.4066391012583153,13834272.0
ensemble_mean,86,50,409488128.0,413385440.0,36822928.0,3897312.0,0.9517521348018178,3897312.0
ensemble_mean,86,100,369068192.0,419324416.0,35662136.0,50256224.0,13.61705643817715,50256224.0
ensemble_mean,87,0,427291136.0,416202400.0,39256944.0,-11088736.0,-2.595124276109486,11088736.0
ensemble_mean,87,50,429238592.0,429059904.0,36702228.0,-178688.0,-0.04162906209514358,178688.0
ensemble_mean,87,100,410134080.0,431663168.0,35543376.0,21529088.0,5.249280430438748,21529088.0
ensemble_mean,88,0,488899360.0,420171456.0,35302608.0,-68727904.0,-14.057679273705737,68727904.0
ensemble_mean,88,50,510214720.0,437989536.0,31009778.0,-72225184.0,-14.155840897730274,72225184.0
ensemble_mean,88,100,495176640.0,440294656.0,29861604.0,-54881984.0,-11.083314430987699,54881984.0
ensemble_mean,89,0,422891616.0,431282592.0,30989102.0,8390976.0,1.9841906726285157,8390976.0
ensemble_mean,89,50,464278048.0,445245184.0,32390134.0,-19032864.0,-4.099453782488549,19032864.0
ensemble_mean,89,100,419401344.0,446384800.0,31940864.0,26983456.0,6.433802939839888,26983456.0
ensemble_mean,90,0,484721792.0,411225216.0,35417964.0,-73496576.0,-15.162630856093221,73496576.0
ensemble_mean,90,50,464920288.0,427983968.0,34818152.0,-36936320.0,-7.944656525722533,36936320.0
ensemble_mean,90,100,390977056.0,430024352.0,33025820.0,39047296.0,9.987106762602458,39047296.0
ensemble_mean,91,0,428908352.0,416104000.0,33593404.0,-12804352.0,-2.9853351981357545,12804352.0
ensemble_mean,91,50,486298016.0,433320000.0,26664920.0,-52978016.0,-10.894146029170722,52978016.0
ensemble_mean,91,100,423299776.0,436142752.0,25826656.0,12842976.0,3.034014362436138,12842976.0
ensemble_mean,92,0,417755488.0,419712192.0,34997328.0,1956704.0,0.46838498983405336,1956704.0
ensemble_mean,92,50,411891104.0,429355328.0,30611928.0,17464224.0,4.2400100003130925,17464224.0
ensemble_mean,92,100,341081408.0,431041376.0,29620284.0,89959968.0,26.374925718613195,89959968.0
ensemble_mean,93,0,501892256.0,431437568.0,34767020.0,-70454688.0,-14.037811334550657,70454688.0
ensemble_mean,93,50,436019360.0,440143264.0,30745236.0,4123904.0,0.9458075439585986,4123904.0
ensemble_mean,93,100,469514080.0,442422592.0,29485786.0,-27091488.0,-5.770111942116837,27091488.0
ensemble_mean,94,0,425523456.0,421460544.0,29975556.0,-4062912.0,-0.9548032999619179,4062912.0
ensemble_mean,94,50,532581472.0,433999360.0,28723700.0,-98582112.0,-18.510240626620973,98582112.0
ensemble_mean,94,100,527982208.0,437666752.0,28980050.0,-90315456.0,-17.105776412829428,90315456.0
ensemble_mean,95,0,386682752.0,425250304.0,40470748.0,38567552.0,9.97395198014935,38567552.0
ensemble_mean,95,50,460927776.0,438967616.0,35189016.0,-21960160.0,-4.764338610828261,21960160.0
ensemble_mean,95,100,356363200.0,440130144.0,34094640.0,83766944.0,23.506058987011006,83766944.0
ensemble_mean,96,0,359353024.0,411988896.0,44329620.0,52635872.0,14.647399210421003,52635872.0
ensemble_mean,96,50,408761472.0,424824832.0,36222908.0,16063360.0,3.9297637131515177,16063360.0
ensemble_mean,96,100,433711136.0,429077312.0,34727784.0,-4633824.0,-1.0684125020944817,4633824.0
ensemble_mean,97,0,435270336.0,400259008.0,27365658.0,-35011328.0,-8.043582368084923,35011328.0
ensemble_mean,97,50,479098688.0,420102176.0,30227448.0,-58996512.0,-12.314062525673206,58996512.0
ensemble_mean,97,100,439269856.0,421528832.0,29242706.0,-17741024.0,-4.038752889066897,17741024.0
ensemble_mean,98,0,332621792.0,398303808.0,35185324.0,65682016.0,19.746756700775634,65682016.0
ensemble_mean,98,50,427980960.0,419739040.0,31429156.0,-8241920.0,-1.9257679126660214,8241920.0
ensemble_mean,98,100,383351456.0,422652896.0,31330076.0,39301440.0,10.252064883249068,39301440.0
ensemble_mean,99,0,350351808.0,402842368.0,33924380.0,52490560.0,14.982243219935087,52490560.0
ensemble_mean,99,50,438842112.0,425211520.0,26360466.0,-13630592.0,-3.106035548384199,13630592.0
ensemble_mean,99,100,427598240.0,427317824.0,26299910.0,-280416.0,-0.06557931576144935,280416.0
primary,0,0,421457248.0,421194528.0,33930284.0,-262720.0,-0.0623360972546378,262720.0
primary,0,50,374757920.0,425789152.0,33408312.0,51031232.0,13.617119019125735,51031232.0
primary,0,100,417666848.0,427285824.0,33041936.0,9618976.0,2.3030259753821785,9618976.0
primary,1,0,404615680.0,416208896.0,36057308.0,11593216.0,2.865241406363688,11593216.0
primary,1,50,509499904.0,423670016.0,37018980.0,-85829888.0,-16.8459085715549,85829888.0
primary,1,100,504456160.0,424236864.0,37906800.0,-80219296.0,-15.902134290519914,80219296.0
primary,2,0,482313664.0,415125440.0,37913684.0,-67188224.0,-13.930400279930696,67188224.0
primary,2,50,345744704.0,420311968.0,38642540.0,74567264.0,21.567145682150493,74567264.0
primary,2,100,288296832.0,422352576.0,38719040.0,134055744.0,46.49920814946728,134055744.0
primary,3,0,414344608.0,417585984.0,32788332.0,3241376.0,0.7822898952748047,3241376.0
primary,3,50,506008128.0,428307168.0,34223372.0,-77700960.0,-15.355674286718177,77700960.0
primary,3,100,463315488.0,430997152.0,34822460.0,-32318336.0,-6.975449091829194,32318336.0
primary,4,0,445783968.0,424260096.0,35390796.0,-21523872.0,-4.828318994190477,21523872.0
primary,4,50,485149216.0,426246944.0,38696264.0,-58902272.0,-12.141063008540447,58902272.0
primary,4,100,457191360.0,429834816.0,38777656.0,-27356544.0,-5.983609139070345,27356544.0
primary,5,0,387551744.0,417334432.0,34013064.0,29782688.0,7.684828790242781,29782688.0
primary,5,50,418255680.0,426321760.0,39487564.0,8066080.0,1.928504593171335,8066080.0
primary,5,100,387549152.0,426095488.0,39946576.0,38546336.0,9.94617993642262,38546336.0
primary,6,0,382275360.0,414954304.0,30541444.0,32678944.0,8.548535275723761,32678944.0
primary,6,50,448961408.0,417784960.0,36224108.0,-31176448.0,-6.944126476011052,31176448.0
primary,6,100,484262656.0,417083808.0,36640832.0,-67178848.0,-13.872399031322374,67178848.0
primary,7,0,370312096.0,419790848.0,35566324.0,49478752.0,13.361365327909786,49478752.0
primary,7,50,444189728.0,424389952.0,37569468.0,-19799776.0,-4.457504249175254,19799776.0
primary,7,100,384969696.0,426341184.0,38803672.0,41371488.0,10.746686928832965,41371488.0
primary,8,0,391533440.0,419031264.0,31292940.0,27497824.0,7.023109954541813,27497824.0
primary,8,50,439304032.0,423410208.0,34726832.0,-15893824.0,-3.6179554118000903,15893824.0
primary,8,100,407407584.0,423325760.0,34666504.0,15918176.0,3.9071869609575067,15918176.0
primary,9,0,465844320.0,421030336.0,34762588.0,-44813984.0,-9.619948569942851,44813984.0
primary,9,50,492977120.0,423876288.0,37982836.0,-69100832.0,-14.01704647063539,69100832.0
primary,9,100,512431616.0,424536960.0,38001244.0,-87894656.0,-17.152465471607435,87894656.0
primary,10,0,457686528.0,418216160.0,31267246.0,-39470368.0,-8.623886783925613,39470368.0
primary,10,50,432664672.0,421159616.0,34442852.0,-11505056.0,-2.6591161110560932,11505056.0
primary,10,100,460075648.0,421770816.0,34459480.0,-38304832.0,-8.325768200624259,38304832.0
primary,11,0,379191872.0,430810368.0,36320700.0,51618496.0,13.612764357987084,51618496.0
primary,11,50,435938464.0,432749472.0,39661576.0,-3188992.0,-0.7315234289580834,3188992.0
primary,11,100,441545088.0,432637344.0,39975484.0,-8907744.0,-2.0174030335946123,8907744.0
primary,12,0,450378592.0,415889088.0,34046428.0,-34489504.0,-7.65789151896456,34489504.0
primary,12,50,423488352.0,422311072.0,36430892.0,-1177280.0,-0.277995839658891,1177280.0
primary,12,100,377159008.0,423108448.0,36590656.0,45949440.0,12.183041906823554,45949440.0
primary,13,0,401704032.0,427254144.0,32515748.0,25550112.0,6.360432050629754,25550112.0
primary,13,50,458841184.0,437272736.0,34235224.0,-21568448.0,-4.700634718961932,21568448.0
primary,13,100,423077600.0,437927264.0,33929868.0,14849664.0,3.509914965954236,14849664.0
primary,14,0,352177728.0,415650720.0,34405244.0,63472992.0,18.02300002344271,63472992.0
primary,14,50,453876704.0,422824544.0,32006300.0,-31052160.0,-6.841540825148849,31052160.0
primary,14,100,463961984.0,424251200.0,32117678.0,-39710784.0,-8.559059873319276,39710784.0
primary,15,0,433064288.0,417281344.0,36114980.0,-15782944.0,-3.6444806088466937,15782944.0
primary,15,50,366801536.0,423571776.0,37791944.0,56770240.0,15.477099855983154,56770240.0
primary,15,100,391757152.0,424702880.0,37996752.0,32945728.0,8.409732363992681,32945728.0
primary,16,0,370636416.0,429932640.0,33850056.0,59296224.0,15.998488394621212,59296224.0
primary,16,50,520690816.0,433348544.0,35799160.0,-87342272.0,-16.774306232434107,87342272.0
primary,16,100,509552192.0,434970560.0,35337492.0,-74581632.0,-14.636701239036176,74581632.0
primary,17,0,431809792.0,417138592.0,36398560.0,-14671200.0,-3.3976070649180645,14671200.0
primary,17,50,461314176.0,423397216.0,36952404.0,-37916960.0,-8.219335535875663,37916960.0
primary,17,100,436387392.0,424607584.0,37324284.0,-11779808.0,-2.6993923784122527,11779808.0
primary,18,0,371131296.0,419867168.0,27117036.0,48735872.0,13.131706359789177,48735872.0
primary,18,50,492308544.0,425472736.0,33490078.0,-66835808.0,-13.576000013519977,66835808.0
primary,18,100,435114688.0,426899136.0,34282084.0,-8215552.0,-1.888134835843556,8215552.0
primary,19,0,396708288.0,413707840.0,40176736.0,16999552.0,4.285151713291153,16999552.0
primary,19,50,444513408.0,422832032.0,37775784.0,-21681376.0,-4.877552759893352,21681376.0
primary,19,100,431362048.0,424720160.0,37216980.0,-6641888.0,-1.539747882502635,6641888.0
primary,20,0,495934752.0,421875872.0,34565352.0,-74058880.0,-14.93319024354236,74058880.0
primary,20,50,476875104.0,429100352.0,35921632.0,-47774752.0,-10.01829443375597,47774752.0
primary,20,100,447275648.0,430215328.0,35554928.0,-17060320.0,-3.814274279470722,17060320.0
primary,21,0,447591104.0,408986496.0,32935218.0,-38604608.0,-8.624972135281759,38604608.0
primary,21,50,461338848.0,415513664.0,35590588.0,-45825184.0,-9.933085886580269,45825184.0
primary,21,100,425089280.0,415894336.0,35248248.0,-9194944.0,-2.1630618396210792,9194944.0
primary,22,0,427520864.0,424739392.0,35345896.0,-2781472.0,-0.650604972579771,2781472.0
primary,22,50,462951616.0,428529696.0,36385272.0,-34421920.0,-7.4353169554548,34421920.0
primary,22,100,470650112.0,430065472.0,35693820.0,-40584640.0,-8.623102165542457,40584640.0
primary,23,0,471407840.0,421919008.0,36998576.0,-49488832.0,-10.498092691882256,49488832.0
primary,23,50,388718624.0,425015744.0,40641644.0,36297120.0,9.337633382855358,36297120.0
primary,23,100,372115520.0,425921568.0,40823180.0,53806048.0,14.459501178558746,53806048.0
primary,24,0,510838880.0,413873344.0,38580884.0,-96965536.0,-18.981628023301596,96965536.0
primary,24,50,426555328.0,422165280.0,38750168.0,-4390048.0,-1.0291860661039498,4390048.0
primary,24,100,461763584.0,422079392.0,39050656.0,-39684192.0,-8.594049720473409,39684192.0
primary,25,0,453435104.0,422858304.0,36797732.0,-30576800.0,-6.743368506378368,30576800.0
primary,25,50,497737760.0,429695136.0,39452196.0,-68042624.0,-13.670376143453533,68042624.0
primary,25,100,445001120.0,429850016.0,39816244.0,-15151104.0,-3.4047339026922003,15151104.0
primary,26,0,458870464.0,422585248.0,37597016.0,-36285216.0,-7.907507422399712,36285216.0
primary,26,50,526140768.0,426076736.0,39151668.0,-100064032.0,-19.01849050404701,100064032.0
primary,26,100,454657984.0,426555680.0,39431764.0,-28102304.0,-6.180976687742494,28102304.0
primary,27,0,455935328.0,422748352.0,36865488.0,-33186976.0,-7.278877937706113,33186976.0
primary,27,50,332933792.0,425967392.0,40334272.0,93033600.0,27.943573838248298,93033600.0
primary,27,100,351930592.0,427302272.0,40082288.0,75371680.0,21.416632061358282,75371680.0
primary,28,0,420467616.0,420948128.0,35138076.0,480512.0,0.11428038253485852,480512.0
primary,28,50,470660544.0,427681088.0,37360044.0,-42979456.0,-9.131731254702327,42979456.0
primary,28,100,489169824.0,427876128.0,37489524.0,-61293696.0,-12.530146585656926,61293696.0
primary,29,0,494219936.0,423395520.0,40489312.0,-70824416.0,-14.330546147778222,70824416.0
primary,29,50,432915456.0,431995328.0,35516840.0,-920128.0,-0.21254219207179334,920128.0
primary,29,100,441377088.0,431830016.0,36040096.0,-9547072.0,-2.1630193908026327,9547072.0
primary,30,0,481078048.0,420246208.0,33083684.0,-60831840.0,-12.644900396702367,60831840.0
primary,30,50,543860096.0,426008640.0,35746784.0,-117851456.0,-21.669443459223746,117851456.0
primary,30,100,505391392.0,426056736.0,36113320.0,-79334656.0,-15.69766665119615,79334656.0
primary,31,0,393725568.0,410032064.0,40768840.0,16306496.0,4.141589301104266,16306496.0
primary,31,50,449293408.0,413670336.0,42218036.0,-35623072.0,-7.928687883174996,35623072.0
primary,31,100,509797024.0,416146176.0,43059680.0,-93650848.0,-18.37022257705451,93650848.0
primary,32,0,409546112.0,418476352.0,34494340.0,8930240.0,2.1805212498269304,8930240.0
primary,32,50,464528192.0,426524224.0,34483364.0,-38003968.0,-8.181197321173567,38003968.0
primary,32,100,470656672.0,427253312.0,35249852.0,-43403360.0,-9.221872881470594,43403360.0
primary,33,0,493772352.0,431497632.0,31944508.0,-62274720.0,-12.612030573959718,62274720.0
primary,33,50,494089856.0,437626720.0,34213560.0,-56463136.0,-11.427705975813437,56463136.0
primary,33,100,489860160.0,438556224.0,33317834.0,-51303936.0,-10.473179937719369,51303936.0
primary,34,0,503660064.0,427270080.0,31780132.0,-76389984.0,-15.166972619056015,76389984.0
primary,34,50,522256064.0,432619168.0,32098384.0,-89636896.0,-17.163399753267395,89636896.0
primary,34,100,409850368.0,433689792.0,33157514.0,23839424.0,5.816616468183822,23839424.0
primary,35,0,394310368.0,414153152.0,36808956.0,19842784.0,5.03227548913956,19842784.0
primary,35,50,390827616.0,420642176.0,38131452.0,29814560.0,7.6285704437017055,29814560.0
primary,35,100,312054880.0,422504544.0,37861448.0,110449664.0,35.394307565387216,110449664.0
primary,36,0,465204960.0,428084480.0,40526436.0,-37120480.0,-7.979381819144835,37120480.0
primary,36,50,407663456.0,433124928.0,38829652.0,25461472.0,6.245708715180985,25461472.0
primary,36,100,399338592.0,432628224.0,39804352.0,33289632.0,8.33619206029554,33289632.0
primary,37,0,429259168.0,416983392.0,39337780.0,-12275776.0,-2.859758606250665,12275776.0
primary,37,50,458582976.0,427073664.0,35896400.0,-31509312.0,-6.871016511524405,31509312.0
primary,37,100,475862080.0,428754464.0,35558840.0,-47107616.0,-9.899426321172724,47107616.0
primary,38,0,363363200.0,421728352.0,30813302.0,58365152.0,16.062482937182413,58365152.0
primary,38,50,370345088.0,426073152.0,33423022.0,55728064.0,15.047604465595072,55728064.0
primary,38,100,366903232.0,427377920.0,34298596.0,60474688.0,16.48246260201927,60474688.0
primary,39,0,437294784.0,411982528.0,37408352.0,-25312256.0,-5.788373638593412,25312256.0
primary,39,50,502486208.0,422510816.0,38241416.0,-79975392.0,-15.915937736543807,79975392.0
primary,39,100,490670304.0,424162624.0,38099228.0,-66507680.0,-13.554453868070237,66507680.0
primary,40,0,383048064.0,424198720.0,37842048.0,41150656.0,10.74294843583911,41150656.0
primary,40,50,474068192.0,432767680.0,34832256.0,-41300512.0,-8.71193484333157,41300512.0
primary,40,100,496206240.0,433739680.0,34404492.0,-62466560.0,-12.588829999397024,62466560.0
primary,41,0,455364032.0,421481984.0,35810324.0,-33882048.0,-7.440650912015817,33882048.0
primary,41,50,454641824.0,426408544.0,35540064.0,-28233280.0,-6.210004999452052,28233280.0
primary,41,100,408917376.0,426053536.0,35682776.0,17136160.0,4.1906167372061,17136160.0
primary,42,0,481625280.0,423533760.0,36941988.0,-58091520.0,-12.061559559332101,58091520.0
primary,42,50,415515680.0,430783552.0,33680892.0,15267872.0,3.674439433910172,15267872.0
primary,42,100,369144832.0,430684352.0,34646404.0,61539520.0,16.670833414241056,61539520.0
primary,43,0,444353120.0,419339200.0,38799572.0,-25013920.0,-5.629288706243359,25013920.0
primary,43,50,420268160.0,423194848.0,39013092.0,2926688.0,0.6963858504056077,2926688.0
primary,43,100,433164032.0,425469792.0,38373868.0,-7694240.0,-1.776287833612187,7694240.0
primary,44,0,398760416.0,412290560.0,34177692.0,13530144.0,3.3930509291072664,13530144.0
primary,44,50,458276288.0,421198496.0,36153048.0,-37077792.0,-8.090707062722826,37077792.0
primary,44,100,417749984.0,422298848.0,35673460.0,4548864.0,1.0888962715076969,4548864.0
primary,45,0,393978208.0,413122784.0,37329548.0,19144576.0,4.8592982076815785,19144576.0
primary,45,50,542943616.0,426799808.0,36599724.0,-116143808.0,-21.391504490956205,116143808.0
primary,45,100,537974400.0,427902592.0,36467320.0,-110071808.0,-20.46041744737296,110071808.0
primary,46,0,446890496.0,423431104.0,40925164.0,-23459392.0,-5.249472121241978,23459392.0
primary,46,50,412945152.0,429903264.0,40095056.0,16958112.0,4.106625763220002,16958112.0
primary,46,100,375392672.0,432182976.0,39289852.0,56790304.0,15.128239903415055,56790304.0
primary,47,0,439835488.0,425290560.0,36266400.0,-14544928.0,-3.306901875093808,14544928.0
primary,47,50,435537024.0,430812352.0,39141224.0,-4724672.0,-1.084792277039575,4724672.0
primary,47,100,444432224.0,433516288.0,38640568.0,-10915936.0,-2.456153134386583,10915936.0
primary,48,0,453419392.0,419066688.0,30375906.0,-34352704.0,-7.576364091635498,34352704.0
primary,48,50,370159008.0,425464352.0,32743978.0,55305344.0,14.940969368493661,55305344.0
primary,48,100,398582432.0,425599808.0,33247010.0,27017376.0,6.778365986787898,27017376.0
primary,49,0,487750304.0,412911360.0,34362648.0,-74838944.0,-15.34370012407004,74838944.0
primary,49,50,482104288.0,417110432.0,36557028.0,-64993856.0,-13.481285609307836,64993856.0
primary,49,100,330280992.0,418185984.0,37343352.0,87904992.0,26.615213751083804,87904992.0
primary,50,0,450956128.0,413383968.0,30377394.0,-37572160.0,-8.331666356688249,37572160.0
primary,50,50,474998656.0,424554720.0,30187148.0,-50443936.0,-10.619806048461745,50443936.0
primary,50,100,441519840.0,426110208.0,29326052.0,-15409632.0,-3.4901335351090905,15409632.0
primary,51,0,443743872.0,410944768.0,35781536.0,-32799104.0,-7.39144945307549,32799104.0
primary,51,50,474845152.0,418560096.0,38956964.0,-56285056.0,-11.853349615750105,56285056.0
primary,51,100,424010880.0,420196928.0,38666388.0,-3813952.0,-0.8994938997791755,3813952.0
primary,52,0,456625568.0,420402336.0,35822364.0,-36223232.0,-7.932808528146194,36223232.0
primary,52,50,466416256.0,424348736.0,36401868.0,-42067520.0,-9.019308280713098,42067520.0
primary,52,100,467940992.0,425280896.0,36060920.0,-42660096.0,-9.11655459327658,42660096.0
primary,53,0,424587744.0,421461568.0,39400344.0,-3126176.0,-0.7362850304035153,3126176.0
primary,53,50,411510560.0,427941024.0,39853044.0,16430464.0,3.992719895207549,16430464.0
primary,53,100,422019936.0,430077696.0,40269484.0,8057760.0,1.9093316008654149,8057760.0
primary,54,0,427762144.0,420605760.0,33297758.0,-7156384.0,-1.6729820766935375,7156384.0
primary,54,50,484601920.0,428649120.0,34759060.0,-55952800.0,-11.546136672343353,55952800.0
primary,54,100,375533280.0,429324352.0,35747440.0,53791072.0,14.323916112042054,53791072.0
primary,55,0,450340960.0,422009536.0,32623126.0,-28331424.0,-6.291105299415803,28331424.0
primary,55,50,475202912.0,428301120.0,37138552.0,-46901792.0,-9.86984524202579,46901792.0
primary,55,100,496843776.0,427766592.0,38497568.0,-69077184.0,-13.903200027205331,69077184.0
primary,56,0,466008640.0,423160544.0,34018952.0,-42848096.0,-9.194699909426571,42848096.0
primary,56,50,458040704.0,428133760.0,33583264.0,-29906944.0,-6.52932015404465,29906944.0
primary,56,100,435896576.0,428447904.0,33801228.0,-7448672.0,-1.708816359227378,7448672.0
primary,57,0,447732768.0,414143040.0,38029444.0,-33589728.0,-7.502182194536183,33589728.0
primary,57,50,447196160.0,419866080.0,40363756.0,-27330080.0,-6.1114299371443614,27330080.0
primary,57,100,417579584.0,420580992.0,40443512.0,3001408.0,0.7187631088784263,3001408.0
primary,58,0,339612704.0,416995456.0,37671976.0,77382752.0,22.785588138658085,77382752.0
primary,58,50,437076544.0,422884384.0,40650436.0,-14192160.0,-3.247065118186713,14192160.0
primary,58,100,465386688.0,422834592.0,40397372.0,-42552096.0,-9.143384866221185,42552096.0
primary,59,0,412881792.0,419125056.0,36896500.0,6243264.0,1.5121189940969835,6243264.0
primary,59,50,469965056.0,428354208.0,36736208.0,-41610848.0,-8.85403020262,41610848.0
primary,59,100,469446528.0,428759584.0,37076044.0,-40686944.0,-8.667002858310626,40686944.0
primary,60,0,445258816.0,419444864.0,34767552.0,-25813952.0,-5.797516202351847,25813952.0
primary,60,50,435544800.0,423810464.0,38716632.0,-11734336.0,-2.6941742847119285,11734336.0
primary,60,100,400456192.0,424171552.0,39147408.0,23715360.0,5.922085979382234,23715360.0
primary,61,0,342136608.0,416621344.0,30244828.0,74484736.0,21.77046660847237,74484736.0
primary,61,50,435214240.0,426050656.0,29531106.0,-9163584.0,-2.105534046863908,9163584.0
primary,61,100,438975168.0,428399712.0,28602228.0,-10575456.0,-2.4091239712219896,10575456.0
primary,62,0,535872896.0,418352416.0,39805676.0,-117520480.0,-21.930663199655463,117520480.0
primary,62,50,492222880.0,426633600.0,36925936.0,-65589280.0,-13.325118084718046,65589280.0
primary,62,100,520326560.0,428282688.0,37643936.0,-92043872.0,-17.68963552427537,92043872.0
primary,63,0,396675584.0,426023872.0,33020420.0,29348288.0,7.398561742585094,29348288.0
primary,63,50,462611072.0,434526976.0,35552228.0,-28084096.0,-6.07077904093052,28084096.0
primary,63,100,496620864.0,435629312.0,34742812.0,-60991552.0,-12.281310839167643,60991552.0
primary,64,0,398729536.0,419572416.0,25369574.0,20842880.0,5.227322813627732,20842880.0
primary,64,50,415975360.0,425639808.0,32861126.0,9664448.0,2.3233222275473238,9664448.0
primary,64,100,433395872.0,425837760.0,33297182.0,-7558112.0,-1.7439280086174884,7558112.0
primary,65,0,400073664.0,420582912.0,35831972.0,20509248.0,5.126367928082364,20509248.0
primary,65,50,481479648.0,425496128.0,38679252.0,-55983520.0,-11.627390738642394,55983520.0
primary,65,100,456896832.0,427496704.0,40271724.0,-29400128.0,-6.434741048937717,29400128.0
primary,66,0,355363616.0,404523904.0,33236650.0,49160288.0,13.833798899660005,49160288.0
primary,66,50,415602144.0,411405120.0,35488252.0,-4197024.0,-1.009865820133979,4197024.0
primary,66,100,310420992.0,413954752.0,36879800.0,103533760.0,33.352692848813525,103533760.0
primary,67,0,425787328.0,409258688.0,34813852.0,-16528640.0,-3.8819004026348103,16528640.0
primary,67,50,495237696.0,420229440.0,36845404.0,-75008256.0,-15.14591005608749,75008256.0
primary,67,100,412059424.0,422560448.0,37250376.0,10501024.0,2.548424666050108,10501024.0
primary,68,0,365531072.0,397637056.0,29638088.0,32105984.0,8.78338025392271,32105984.0
primary,68,50,378258592.0,417834368.0,38395176.0,39575776.0,10.462624468289672,39575776.0
primary,68,100,435841696.0,416874304.0,38922244.0,-18967392.0,-4.351899364855629,18967392.0
primary,69,0,442391680.0,418245376.0,31446028.0,-24146304.0,-5.458127964793551,24146304.0
primary,69,50,489185376.0,428463712.0,38813996.0,-60721664.0,-12.412812602149415,60721664.0
primary,69,100,468696384.0,430435744.0,38458860.0,-38260640.0,-8.163203580422758,38260640.0
primary,70,0,457987040.0,425119232.0,29936672.0,-32867808.0,-7.176580367863685,32867808.0
primary,70,50,454731296.0,430632032.0,34676328.0,-24099264.0,-5.299671303028151,24099264.0
primary,70,100,487012928.0,432311712.0,35156396.0,-54701216.0,-11.231984379683654,54701216.0
primary,71,0,471693504.0,418311136.0,40481996.0,-53382368.0,-11.317172601978424,53382368.0
primary,71,50,393636736.0,428385376.0,37362844.0,34748640.0,8.827590725678611,34748640.0
primary,71,100,403220416.0,428518464.0,37009808.0,25298048.0,6.273999776836697,25298048.0
primary,72,0,465345696.0,430111584.0,39525276.0,-35234112.0,-7.571599415845892,35234112.0
primary,72,50,428691168.0,433747360.0,36543468.0,5056192.0,1.1794486048287331,5056192.0
primary,72,100,434124992.0,434319200.0,35919384.0,194208.0,0.04473550327183191,194208.0
primary,73,0,306052576.0,412443680.0,33244448.0,106391104.0,34.762361876019625,106391104.0
primary,73,50,484118016.0,422035008.0,39998648.0,-62083008.0,-12.823940846688092,62083008.0
primary,73,100,451616128.0,423182688.0,40452176.0,-28433440.0,-6.295931043454675,28433440.0
primary,74,0,409992352.0,419193888.0,36892716.0,9201536.0,2.244318937929847,9201536.0
primary,74,50,496168928.0,425588768.0,37565544.0,-70580160.0,-14.225026199141597,70580160.0
primary,74,100,428127488.0,427682368.0,37730988.0,-445120.0,-0.10396903083223659,445120.0
primary,75,0,442275168.0,419461568.0,37788244.0,-22813600.0,-5.158236693044453,22813600.0
primary,75,50,432876448.0,426049792.0,39870796.0,-6826656.0,-1.577044912362615,6826656.0
primary,75,100,401606624.0,427922176.0,39241944.0,26315552.0,6.552569212603425,26315552.0
primary,76,0,418424704.0,424651552.0,40064764.0,6226848.0,1.4881645229054161,6226848.0
primary,76,50,507126080.0,433618176.0,36488736.0,-73507904.0,-14.494995800649809,73507904.0
primary,76,100,499117824.0,433584800.0,37107308.0,-65533024.0,-13.129770336552838,65533024.0
primary,77,0,401206688.0,425036800.0,34951892.0,23830112.0,5.939609860142711,23830112.0
primary,77,50,433648224.0,430318656.0,37293368.0,-3329568.0,-0.7678039054992186,3329568.0
primary,77,100,489259136.0,430244352.0,36933576.0,-59014784.0,-12.062070926765484,59014784.0
primary,78,0,497982784.0,410243808.0,34553280.0,-87738976.0,-17.618877362635892,87738976.0
primary,78,50,490114944.0,420189504.0,34114288.0,-69925440.0,-14.267151176683972,69925440.0
primary,78,100,477746080.0,425294304.0,33044318.0,-52451776.0,-10.979007090963467,52451776.0
primary,79,0,484647136.0,424376000.0,40843968.0,-60271136.0,-12.436086282783688,60271136.0
primary,79,50,488255008.0,430495168.0,39616468.0,-57759840.0,-11.82985101097007,57759840.0
primary,79,100,491348448.0,431993536.0,38712860.0,-59354912.0,-12.080003964925519,59354912.0
primary,80,0,315514464.0,398830496.0,29773370.0,83316032.0,26.406406522142834,83316032.0
primary,80,50,451580416.0,428121824.0,33632584.0,-23458592.0,-5.194776205706848,23458592.0
primary,80,100,442889856.0,428601792.0,34136580.0,-14288064.0,-3.2260987255485936,14288064.0
primary,81,0,515074912.0,413947776.0,33842040.0,-101127136.0,-19.63348119739134,101127136.0
primary,81,50,485694976.0,422330144.0,33843584.0,-63364832.0,-13.04621936217022,63364832.0
primary,81,100,450907936.0,423175584.0,33416478.0,-27732352.0,-6.150335752795445,27732352.0
primary,82,0,409249152.0,417014880.0,41128228.0,7765728.0,1.897555062007801,7765728.0
primary,82,50,453492416.0,425051200.0,40960432.0,-28441216.0,-6.271596833054867,28441216.0
primary,82,100,423120512.0,426407616.0,39842776.0,3287104.0,0.7768718147136293,3287104.0
primary,83,0,478593696.0,419233696.0,35174108.0,-59360000.0,-12.403004990688386,59360000.0
primary,83,50,452115584.0,425011360.0,35027908.0,-27104224.0,-5.994976718165946,27104224.0
primary,83,100,421157216.0,425534240.0,35084480.0,4377024.0,1.039285054063991,4377024.0
primary,84,0,367393504.0,411031232.0,30824960.0,43637728.0,11.877653666952153,43637728.0
primary,84,50,477916128.0,418856224.0,31724078.0,-59059904.0,-12.357796805719016,59059904.0
primary,84,100,447691360.0,419825920.0,32119352.0,-27865440.0,-6.224252350994668,27865440.0
primary,85,0,496343904.0,428069664.0,33713808.0,-68274240.0,-13.75543034774534,68274240.0
primary,85,50,431908512.0,432205408.0,38113908.0,296896.0,0.06874048363279305,296896.0
primary,85,100,395511872.0,432307200.0,38436808.0,36795328.0,9.303217072583854,36795328.0
primary,86,0,406097376.0,392263104.0,32457948.0,-13834272.0,-3.4066391012583153,13834272.0
primary,86,50,453803200.0,406813760.0,36286708.0,-46989440.0,-10.35458542381367,46989440.0
primary,86,100,489574240.0,408961216.0,34739132.0,-80613024.0,-16.46594477683303,80613024.0
primary,87,0,427291136.0,416202400.0,39256944.0,-11088736.0,-2.595124276109486,11088736.0
primary,87,50,413055712.0,423500416.0,37860384.0,10444704.0,2.5286429158495696,10444704.0
primary,87,100,352528416.0,423017152.0,38410772.0,70488736.0,19.995192671220014,70488736.0
primary,88,0,488899328.0,420171456.0,35302608.0,-68727872.0,-14.057673648510313,68727872.0
primary,88,50,499647232.0,429926912.0,34284384.0,-69720320.0,-13.95390898512973,69720320.0
primary,88,100,507480032.0,432702016.0,35129140.0,-74778016.0,-14.735164200509864,74778016.0
primary,89,0,422891616.0,431282592.0,30989104.0,8390976.0,1.9841906726285157,8390976.0
primary,89,50,485459008.0,441016128.0,36196164.0,-44442880.0,-9.154816218798025,44442880.0
primary,89,100,424294912.0,442779808.0,36207708.0,18484896.0,4.3566150517496665,18484896.0
primary,90,0,484721888.0,411225216.0,35417964.0,-73496672.0,-15.162647658279463,73496672.0
primary,90,50,435769984.0,425186336.0,37441668.0,-10583648.0,-2.4287234983123573,10583648.0
primary,90,100,403578080.0,426610112.0,37540592.0,23032032.0,5.706958118240713,23032032.0
primary,91,0,428908352.0,416104000.0,33593412.0,-12804352.0,-2.9853351981357545,12804352.0
primary,91,50,517018656.0,426350400.0,35611260.0,-90668256.0,-17.536747455395496,90668256.0
primary,91,100,505086848.0,429118976.0,34574816.0,-75967872.0,-15.040556352003845,75967872.0
primary,92,0,417755488.0,419712192.0,34997332.0,1956704.0,0.46838498983405336,1956704.0
primary,92,50,430203456.0,423788608.0,36339148.0,-6414848.0,-1.4911195878445012,6414848.0
primary,92,100,403828448.0,423711456.0,37077032.0,19883008.0,4.923627371591216,19883008.0
primary,93,0,501892256.0,431437568.0,34767020.0,-70454688.0,-14.037811334550657,70454688.0
primary,93,50,511505504.0,437089120.0,32937466.0,-74416384.0,-14.548501124242058,74416384.0
primary,93,100,512372256.0,438549760.0,32527032.0,-73822496.0,-14.407980747497772,73822496.0
primary,94,0,425523456.0,421460544.0,29975552.0,-4062912.0,-0.9548032999619179,4062912.0
primary,94,50,496232544.0,433396224.0,29293108.0,-62836320.0,-12.662676150478353,62836320.0
primary,94,100,506366944.0,433121344.0,30010782.0,-73245600.0,-14.46492526178802,73245600.0
primary,95,0,386682752.0,425250304.0,40470748.0,38567552.0,9.97395198014935,38567552.0
primary,95,50,505820640.0,431917568.0,41464228.0,-73903072.0,-14.610529139340775,73903072.0
primary,95,100,482406080.0,433405632.0,40934128.0,-49000448.0,-10.157510452604578,49000448.0
primary,96,0,359353024.0,411988896.0,44329620.0,52635872.0,14.647399210421003,52635872.0
primary,96,50,451149824.0,421250528.0,42983020.0,-29899296.0,-6.6273540206457,29899296.0
primary,96,100,413726144.0,422548736.0,43724044.0,8822592.0,2.132471473690577,8822592.0
primary,97,0,435270336.0,400259008.0,27365648.0,-35011328.0,-8.043582368084923,35011328.0
primary,97,50,465188768.0,412037120.0,34353520.0,-53151648.0,-11.425823591682247,53151648.0
primary,97,100,435877664.0,412260672.0,35764448.0,-23616992.0,-5.418261579010389,23616992.0
primary,98,0,332621792.0,398303808.0,35185324.0,65682016.0,19.746756700775634,65682016.0
primary,98,50,342244320.0,413119776.0,35406772.0,70875456.0,20.709023308261187,70875456.0
primary,98,100,275287360.0,414033472.0,36038760.0,138746112.0,50.400465898615906,138746112.0
primary,99,0,350351808.0,402842368.0,33924384.0,52490560.0,14.982243219935087,52490560.0
primary,99,50,482595232.0,417245760.0,35549952.0,-65349472.0,-13.541259355003325,65349472.0
primary,99,100,423253600.0,419630816.0,34994960.0,-3622784.0,-0.8559369607252012,3622784.0
ucb,0,0,421457248.0,421194528.0,33930284.0,-262720.0,-0.0623360972546378,262720.0
ucb,0,50,441802752.0,426145856.0,38264468.0,-15656896.0,-3.5438656570432587,15656896.0
ucb,0,100,299632352.0,428067136.0,38552320.0,128434784.0,42.86412436531553,128434784.0
ucb,1,0,404615680.0,416208832.0,36057304.0,11593152.0,2.865225588884741,11593152.0
ucb,1,50,439806240.0,426437216.0,39881600.0,-13369024.0,-3.039753142201893,13369024.0
ucb,1,100,380797888.0,427616256.0,39913952.0,46818368.0,12.294807685488003,46818368.0
ucb,2,0,482313664.0,415125440.0,37913692.0,-67188224.0,-13.930400279930696,67188224.0
ucb,2,50,471684864.0,424085312.0,38222876.0,-47599552.0,-10.091388474148706,47599552.0
ucb,2,100,396464928.0,425092160.0,38469376.0,28627232.0,7.220621542594557,28627232.0
ucb,3,0,414344608.0,417585984.0,32788332.0,3241376.0,0.7822898952748047,3241376.0
ucb,3,50,444188992.0,430365696.0,35688756.0,-13823296.0,-3.112030295428843,13823296.0
ucb,3,100,323353024.0,434711616.0,35513596.0,111358592.0,34.43870436789235,111358592.0
ucb,4,0,445783968.0,424260096.0,35390800.0,-21523872.0,-4.828318994190477,21523872.0
ucb,4,50,501886752.0,429868096.0,39341332.0,-72018656.0,-14.349582991184434,72018656.0
ucb,4,100,403437024.0,430558816.0,40465344.0,27121792.0,6.7226829434474515,27121792.0
ucb,5,0,387551744.0,417334432.0,34013064.0,29782688.0,7.684828790242781,29782688.0
ucb,5,50,415629184.0,427170240.0,40151200.0,11541056.0,2.776767475500469,11541056.0
ucb,5,100,370617472.0,426720192.0,41773676.0,56102720.0,15.137634957479824,56102720.0
ucb,6,0,382275360.0,414954304.0,30541444.0,32678944.0,8.548535275723761,32678944.0
ucb,6,50,397393824.0,420555488.0,41215128.0,23161664.0,5.82839052878688,23161664.0
ucb,6,100,336127328.0,420685120.0,42471432.0,84557792.0,25.15647641717486,84557792.0
ucb,7,0,370312096.0,419790848.0,35566328.0,49478752.0,13.361365327909786,49478752.0
ucb,7,50,281683264.0,424989920.0,41232456.0,143306656.0,50.8751048837605,143306656.0
ucb,7,100,293010912.0,426391744.0,42205620.0,133380832.0,45.52077296015515,133380832.0
ucb,8,0,391533440.0,419031264.0,31292940.0,27497824.0,7.023109954541813,27497824.0
ucb,8,50,336462752.0,425116480.0,39380624.0,88653728.0,26.348749593535985,88653728.0
ucb,8,100,217018448.0,425568480.0,40763536.0,208550032.0,96.09783588536214,208550032.0
ucb,9,0,465844320.0,421030336.0,34762592.0,-44813984.0,-9.619948569942851,44813984.0
ucb,9,50,414089440.0,426193504.0,40554748.0,12104064.0,2.9230554635732804,12104064.0
ucb,9,100,341452544.0,427156224.0,41178304.0,85703680.0,25.09973391792916,85703680.0
ucb,10,0,457686528.0,418216160.0,31267246.0,-39470368.0,-8.623886783925613,39470368.0
ucb,10,50,491682144.0,423163072.0,38286492.0,-68519072.0,-13.93564375606042,68519072.0
ucb,10,100,446577632.0,424502208.0,38715592.0,-22075424.0,-4.943244448033617,22075424.0
ucb,11,0,379191872.0,430810368.0,36320700.0,51618496.0,13.612764357987084,51618496.0
ucb,11,50,494173344.0,431351488.0,43589788.0,-62821856.0,-12.71251409303048,62821856.0
ucb,11,100,440915520.0,432308544.0,43975024.0,-8606976.0,-1.952069185498392,8606976.0
ucb,12,0,450378592.0,415889088.0,34046432.0,-34489504.0,-7.65789151896456,34489504.0
ucb,12,50,479986080.0,424087264.0,38856524.0,-55898816.0,-11.645924398474222,55898816.0
ucb,12,100,400888736.0,426237280.0,38741884.0,25348544.0,6.323087112130783,25348544.0
ucb,13,0,401704032.0,427254144.0,32515748.0,25550112.0,6.360432050629754,25550112.0
ucb,13,50,356828576.0,434454848.0,40231448.0,77626272.0,21.754499841402836,77626272.0
ucb,13,100,420848256.0,435408544.0,40087380.0,14560288.0,3.4597477338720393,14560288.0
ucb,14,0,352177728.0,415650720.0,34405244.0,63472992.0,18.02300002344271,63472992.0
ucb,14,50,391311008.0,422665024.0,38265916.0,31354016.0,8.0125566005033,31354016.0
ucb,14,100,337304800.0,423793120.0,38705660.0,86488320.0,25.640998882909464,86488320.0
ucb,15,0,433064320.0,417281344.0,36114980.0,-15782976.0,-3.6444877287512396,15782976.0
ucb,15,50,387090752.0,423862336.0,42461800.0,36771584.0,9.49947365314478,36771584.0
ucb,15,100,338531712.0,425051200.0,42958376.0,86519488.0,25.55727718648704,86519488.0
ucb,16,0,370636352.0,429932640.0,33850052.0,59296288.0,15.998508424775343,59296288.0
ucb,16,50,463387648.0,434584672.0,38352972.0,-28802976.0,-6.215740994459999,28802976.0
ucb,16,100,460639232.0,435486272.0,38196124.0,-25152960.0,-5.460446755868158,25152960.0
ucb,17,0,431809792.0,417138592.0,36398556.0,-14671200.0,-3.3976070649180645,14671200.0
ucb,17,50,423472992.0,424695136.0,40490652.0,1222144.0,0.2886002231755077,1222144.0
ucb,17,100,355403200.0,426259776.0,40792808.0,70856576.0,19.936954985211162,70856576.0
ucb,18,0,371131296.0,419867168.0,27117030.0,48735872.0,13.131706359789177,48735872.0
ucb,18,50,392422560.0,430126016.0,34833844.0,37703456.0,9.607871677917803,37703456.0
ucb,18,100,399346880.0,430364768.0,36007920.0,31017888.0,7.767154209393097,31017888.0
ucb,19,0,396708192.0,413707840.0,40176732.0,16999648.0,4.285176949408697,16999648.0
ucb,19,50,495295104.0,422718240.0,43011536.0,-72576864.0,-14.653256899547303,72576864.0
ucb,19,100,484454208.0,425110336.0,42962236.0,-59343872.0,-12.24963495414617,59343872.0
ucb,20,0,495934752.0,421875872.0,34565352.0,-74058880.0,-14.93319024354236,74058880.0
ucb,20,50,463109440.0,429396544.0,38773960.0,-33712896.0,-7.279682314400674,33712896.0
ucb,20,100,451485152.0,430607936.0,39336280.0,-20877216.0,-4.624120174831353,20877216.0
ucb,21,0,447591104.0,408986496.0,32935222.0,-38604608.0,-8.624972135281759,38604608.0
ucb,21,50,460743744.0,417692224.0,37829280.0,-43051520.0,-9.343918514496423,43051520.0
ucb,21,100,455110592.0,418338112.0,38515416.0,-36772480.0,-8.079899841135758,36772480.0
ucb,22,0,427520832.0,424739392.0,35345900.0,-2781440.0,-0.6505975362622797,2781440.0
ucb,22,50,406181632.0,430019584.0,43845392.0,23837952.0,5.868791230815676,23837952.0
ucb,22,100,437782816.0,431775072.0,43850728.0,-6007744.0,-1.3723115162199513,6007744.0
ucb,23,0,471407712.0,421919008.0,36998576.0,-49488704.0,-10.498068389683027,49488704.0
ucb,23,50,375744416.0,424942528.0,42626444.0,49198112.0,13.093504495353564,49198112.0
ucb,23,100,334604672.0,426271872.0,43055120.0,91667200.0,27.395672466880562,91667200.0
ucb,24,0,510838880.0,413873344.0,38580884.0,-96965536.0,-18.981628023301596,96965536.0
ucb,24,50,364094464.0,423496288.0,41747212.0,59401824.0,16.314948419539828,59401824.0
ucb,24,100,359866528.0,424265056.0,42360372.0,64398528.0,17.89511471319722,64398528.0
ucb,25,0,453435104.0,422858304.0,36797732.0,-30576800.0,-6.743368506378368,30576800.0
ucb,25,50,489715456.0,430273088.0,41311956.0,-59442368.0,-12.13814415528678,59442368.0
ucb,25,100,408332160.0,431777952.0,41362652.0,23445792.0,5.741843111255307,23445792.0
ucb,26,0,458870464.0,422585248.0,37597020.0,-36285216.0,-7.907507422399712,36285216.0
ucb,26,50,421520064.0,425294144.0,42901588.0,3774080.0,0.895350025378626,3774080.0
ucb,26,100,408080160.0,426039392.0,42628208.0,17959232.0,4.4009079000557145,17959232.0
ucb,27,0,455935328.0,422748352.0,36865488.0,-33186976.0,-7.278877937706113,33186976.0
ucb,27,50,405331712.0,426321120.0,44095300.0,20989408.0,5.178328608051274,20989408.0
ucb,27,100,324183008.0,427710240.0,44617568.0,103527232.0,31.934811339649237,103527232.0
ucb,28,0,420467616.0,420948128.0,35138080.0,480512.0,0.11428038253485852,480512.0
ucb,28,50,370179936.0,429556672.0,38519124.0,59376736.0,16.039966034247737,59376736.0
ucb,28,100,345085600.0,429719648.0,39452752.0,84634048.0,24.525522942713344,84634048.0
ucb,29,0,494219936.0,423395520.0,40489312.0,-70824416.0,-14.330546147778222,70824416.0
ucb,29,50,379218816.0,426579712.0,44792900.0,47360896.0,12.4890680529945,47360896.0
ucb,29,100,405958048.0,428347072.0,43786340.0,22389024.0,5.515107807395901,22389024.0
ucb,30,0,481078048.0,420246208.0,33083684.0,-60831840.0,-12.644900396702367,60831840.0
ucb,30,50,397552384.0,426048000.0,39083044.0,28495616.0,7.1677638336084035,28495616.0
ucb,30,100,400756832.0,425955264.0,39662352.0,25198432.0,6.287711147492053,25198432.0
ucb,31,0,393725568.0,410032064.0,40768836.0,16306496.0,4.141589301104266,16306496.0
ucb,31,50,438034688.0,414949920.0,44857540.0,-23084768.0,-5.270077606273958,23084768.0
ucb,31,100,474647360.0,415769216.0,44999164.0,-58878144.0,-12.40460791776025,58878144.0
ucb,32,0,409546112.0,418476352.0,34494344.0,8930240.0,2.1805212498269304,8930240.0
ucb,32,50,432860736.0,425411840.0,38483052.0,-7448896.0,-1.7208527779243994,7448896.0
ucb,32,100,347566208.0,429498112.0,36651468.0,81931904.0,23.573035040276412,81931904.0
ucb,33,0,493772352.0,431497632.0,31944508.0,-62274720.0,-12.612030573959718,62274720.0
ucb,33,50,399921376.0,437175488.0,36325436.0,37254112.0,9.315359026970341,37254112.0
ucb,33,100,444681504.0,437433504.0,36966764.0,-7248000.0,-1.629930621085603,7248000.0
ucb,34,0,503660064.0,427270080.0,31780132.0,-76389984.0,-15.166972619056015,76389984.0
ucb,34,50,430746464.0,432830272.0,35851000.0,2083808.0,0.4837667106188943,2083808.0
ucb,34,100,420516864.0,433291872.0,36389084.0,12775008.0,3.0379300079627725,12775008.0
ucb,35,0,394310368.0,414153152.0,36808956.0,19842784.0,5.03227548913956,19842784.0
ucb,35,50,317249792.0,423994432.0,37527888.0,106744640.0,33.646874699921,106744640.0
ucb,35,100,233508256.0,425765888.0,37948812.0,192257632.0,82.3344044846106,192257632.0
ucb,36,0,465204960.0,428084480.0,40526444.0,-37120480.0,-7.979381819144835,37120480.0
ucb,36,50,442729504.0,430703296.0,43654372.0,-12026208.0,-2.7163782606184745,12026208.0
ucb,36,100,436862848.0,430608064.0,44524264.0,-6254784.0,-1.4317500397744969,6254784.0
ucb,37,0,429259168.0,416983392.0,39337772.0,-12275776.0,-2.859758606250665,12275776.0
ucb,37,50,471199424.0,424402496.0,40678496.0,-46796928.0,-9.931448473077928,46796928.0
ucb,37,100,466987488.0,426125120.0,41032912.0,-40862368.0,-8.75020617254739,40862368.0
ucb,38,0,363363200.0,421728352.0,30813302.0,58365152.0,16.062482937182413,58365152.0
ucb,38,50,397647328.0,432024672.0,33258154.0,34377344.0,8.645184207046903,34377344.0
ucb,38,100,348756672.0,431705504.0,34727964.0,82948832.0,23.784156307122924,82948832.0
ucb,39,0,437294784.0,411982528.0,37408352.0,-25312256.0,-5.788373638593412,25312256.0
ucb,39,50,481736640.0,427504128.0,38250284.0,-54232512.0,-11.257709606643166,54232512.0
ucb,39,100,401622016.0,428545248.0,38648064.0,26923232.0,6.703624534368156,26923232.0
ucb,40,0,383048064.0,424198720.0,37842048.0,41150656.0,10.74294843583911,41150656.0
ucb,40,50,436385216.0,429964384.0,40312540.0,-6420832.0,-1.4713679026193225,6420832.0
ucb,40,100,418768064.0,431009632.0,40633700.0,12241568.0,2.923233420206561,12241568.0
ucb,41,0,455364032.0,421481984.0,35810324.0,-33882048.0,-7.440650912015817,33882048.0
ucb,41,50,453397088.0,424668480.0,41622600.0,-28728608.0,-6.336301833504497,28728608.0
ucb,41,100,437596128.0,424557760.0,42629860.0,-13038368.0,-2.9795437312461774,13038368.0
ucb,42,0,481625280.0,423533760.0,36941980.0,-58091520.0,-12.061559559332101,58091520.0
ucb,42,50,405716128.0,431100736.0,38162924.0,25384608.0,6.256741166572506,25384608.0
ucb,42,100,405050048.0,430810688.0,38883212.0,25760640.0,6.359865929456697,25760640.0
ucb,43,0,444353120.0,419339200.0,38799572.0,-25013920.0,-5.629288706243359,25013920.0
ucb,43,50,431224288.0,426088064.0,41132428.0,-5136224.0,-1.1910794783432976,5136224.0
ucb,43,100,437319680.0,426815008.0,41517168.0,-10504672.0,-2.4020579179057298,10504672.0
ucb,44,0,398760416.0,412290560.0,34177696.0,13530144.0,3.3930509291072664,13530144.0
ucb,44,50,379792128.0,424985184.0,37522456.0,45193056.0,11.899418831556192,45193056.0
ucb,44,100,298869248.0,427405760.0,38137744.0,128536512.0,43.00760712590945,128536512.0
ucb,45,0,393978208.0,413122784.0,37329548.0,19144576.0,4.8592982076815785,19144576.0
ucb,45,50,389803616.0,426064192.0,39670752.0,36260576.0,9.30226773473543,36260576.0
ucb,45,100,289228576.0,427406368.0,40201716.0,138177792.0,47.77459886951142,138177792.0
ucb,46,0,446890496.0,423431104.0,40925160.0,-23459392.0,-5.249472121241978,23459392.0
ucb,46,50,406402464.0,431210944.0,44567408.0,24808480.0,6.104411807896913,24808480.0
ucb,46,100,316401152.0,432118368.0,45664448.0,115717216.0,36.57294395691707,115717216.0
ucb,47,0,439835488.0,425290560.0,36266400.0,-14544928.0,-3.306901875093808,14544928.0
ucb,47,50,474141856.0,430304608.0,42715728.0,-43837248.0,-9.245597587570924,43837248.0
ucb,47,100,405664000.0,431258784.0,42938456.0,25594784.0,6.309355525755304,25594784.0
ucb,48,0,453419392.0,419066688.0,30375906.0,-34352704.0,-7.576364091635498,34352704.0
ucb,48,50,435261248.0,427183200.0,37469368.0,-8078048.0,-1.8559079258992521,8078048.0
ucb,48,100,425857888.0,428882560.0,38447704.0,3024672.0,0.7102538394216618,3024672.0
ucb,49,0,487750304.0,412911360.0,34362648.0,-74838944.0,-15.34370012407004,74838944.0
ucb,49,50,398941312.0,418945600.0,41020052.0,20004288.0,5.014343563396112,20004288.0
ucb,49,100,443042720.0,420635072.0,41280812.0,-22407648.0,-5.057672090853902,22407648.0
ucb,50,0,450956128.0,413383968.0,30377394.0,-37572160.0,-8.331666356688249,37572160.0
ucb,50,50,413164544.0,426072896.0,32362156.0,12908352.0,3.124264215663191,12908352.0
ucb,50,100,387771744.0,427071072.0,33698336.0,39299328.0,10.13465488604554,39299328.0
ucb,51,0,443743872.0,410944768.0,35781536.0,-32799104.0,-7.39144945307549,32799104.0
ucb,51,50,366511744.0,419085568.0,43166808.0,52573824.0,14.344376370106165,52573824.0
ucb,51,100,351876736.0,421516800.0,43121000.0,69640064.0,19.79103955312351,69640064.0
ucb,52,0,456625568.0,420402336.0,35822360.0,-36223232.0,-7.932808528146194,36223232.0
ucb,52,50,356310080.0,427086880.0,38336248.0,70776800.0,19.863821983369093,70776800.0
ucb,52,100,349921504.0,427794848.0,38617864.0,77873344.0,22.254517973265227,77873344.0
ucb,53,0,424587680.0,421461568.0,39400344.0,-3126112.0,-0.7362700679397952,3126112.0
ucb,53,50,532834112.0,428838592.0,43037344.0,-103995520.0,-19.517429094329454,103995520.0
ucb,53,100,348446784.0,430694816.0,44015484.0,82248032.0,23.604187433108866,82248032.0
ucb,54,0,427762144.0,420605760.0,33297758.0,-7156384.0,-1.6729820766935375,7156384.0
ucb,54,50,444457408.0,425505984.0,40734352.0,-18951424.0,-4.263946029222219,18951424.0
ucb,54,100,361733152.0,426361920.0,41039320.0,64628768.0,17.866421046197058,64628768.0
ucb,55,0,450340960.0,422009536.0,32623126.0,-28331424.0,-6.291105299415803,28331424.0
ucb,55,50,493549600.0,426041408.0,41337236.0,-67508192.0,-13.678096791082394,67508192.0
ucb,55,100,449266176.0,426479328.0,42311272.0,-22786848.0,-5.072015036360093,22786848.0
ucb,56,0,466008640.0,423160576.0,34018956.0,-42848064.0,-9.194693042601099,42848064.0
ucb,56,50,446629888.0,426384320.0,40214784.0,-20245568.0,-4.53296309628074,20245568.0
ucb,56,100,360207872.0,426351328.0,41042960.0,66143456.0,18.36257926089966,66143456.0
ucb,57,0,447732768.0,414143040.0,38029444.0,-33589728.0,-7.502182194536183,33589728.0
ucb,57,50,421467840.0,419771776.0,44463772.0,-1696064.0,-0.402418367199737,1696064.0
ucb,57,100,342650496.0,420561760.0,45250192.0,77911264.0,22.737823207470274,77911264.0
ucb,58,0,339612704.0,416995456.0,37671976.0,77382752.0,22.785588138658085,77382752.0
ucb,58,50,274069600.0,423331648.0,42855672.0,149262048.0,54.461366017974996,149262048.0
ucb,58,100,293645568.0,423717600.0,43639912.0,130072032.0,44.29558834683315,130072032.0
ucb,59,0,412881792.0,419125056.0,36896500.0,6243264.0,1.5121189940969835,6243264.0
ucb,59,50,508571968.0,427287072.0,40638836.0,-81284896.0,-15.982968215817984,81284896.0
ucb,59,100,535836256.0,429673824.0,40066984.0,-106162432.0,-19.812476444296443,106162432.0
ucb,60,0,445258816.0,419444864.0,34767552.0,-25813952.0,-5.797516202351847,25813952.0
ucb,60,50,446271808.0,424211104.0,41468016.0,-22060704.0,-4.943333547970837,22060704.0
ucb,60,100,446552576.0,424765344.0,41424588.0,-21787232.0,-4.878984731240247,21787232.0
ucb,61,0,342136608.0,416621344.0,30244832.0,74484736.0,21.77046660847237,74484736.0
ucb,61,50,503007488.0,425401856.0,33238442.0,-77605632.0,-15.428325393040671,77605632.0
ucb,61,100,475626592.0,426996832.0,33745080.0,-48629760.0,-10.224356841679702,48629760.0
ucb,62,0,535872832.0,418352416.0,39805676.0,-117520416.0,-21.930653875731473,117520416.0
ucb,62,50,403460096.0,427066496.0,40300432.0,23606400.0,5.8509875534258535,23606400.0
ucb,62,100,335166720.0,427337920.0,41776352.0,92171200.0,27.500105022360216,92171200.0
ucb,63,0,396675552.0,426023872.0,33020424.0,29348320.0,7.398570406476676,29348320.0
ucb,63,50,347241344.0,435094688.0,38401112.0,87853344.0,25.300369762420914,87853344.0
ucb,63,100,332856320.0,436593664.0,38544812.0,103737344.0,31.165802710310565,103737344.0
ucb,64,0,398729568.0,419572416.0,25369574.0,20842848.0,5.227314368619886,20842848.0
ucb,64,50,348131392.0,427572224.0,35019540.0,79440832.0,22.819209593141203,79440832.0
ucb,64,100,273413216.0,428227808.0,36095160.0,154814592.0,56.62293661766519,154814592.0
ucb,65,0,400073664.0,420582912.0,35831972.0,20509248.0,5.126367928082364,20509248.0
ucb,65,50,355531744.0,426719072.0,41058696.0,71187328.0,20.022776925370692,71187328.0
ucb,65,100,423596320.0,427622112.0,41738560.0,4025792.0,0.9503840826568087,4025792.0
ucb,66,0,355363616.0,404523872.0,33236648.0,49160256.0,13.833789894798908,49160256.0
ucb,66,50,432811168.0,415807136.0,37512064.0,-17004032.0,-3.9287415060417294,17004032.0
ucb,66,100,425606944.0,417593088.0,37362484.0,-8013856.0,-1.8829241658237608,8013856.0
ucb,67,0,425787328.0,409258688.0,34813852.0,-16528640.0,-3.8819004026348103,16528640.0
ucb,67,50,416946656.0,423505728.0,41024120.0,6559072.0,1.573120183508559,6559072.0
ucb,67,100,344455936.0,425449216.0,41246848.0,80993280.0,23.513393597026006,80993280.0
ucb,68,0,365531072.0,397637056.0,29638088.0,32105984.0,8.78338025392271,32105984.0
ucb,68,50,276224896.0,421360960.0,37525076.0,145136064.0,52.542716497212474,145136064.0
ucb,68,100,306679776.0,424299744.0,37965720.0,117619968.0,38.35269789684469,117619968.0
ucb,69,0,442391680.0,418245376.0,31446024.0,-24146304.0,-5.458127964793551,24146304.0
ucb,69,50,386640096.0,430507936.0,40271264.0,43867840.0,11.345910694166598,43867840.0
ucb,69,100,359266176.0,432473952.0,40956060.0,73207776.0,20.377029871022426,73207776.0
ucb,70,0,457987040.0,425119232.0,29936672.0,-32867808.0,-7.176580367863685,32867808.0
ucb,70,50,482260864.0,430711616.0,40855140.0,-51549248.0,-10.68907967618123,51549248.0
ucb,70,100,421962464.0,431818848.0,41123888.0,9856384.0,2.335843787280567,9856384.0
ucb,71,0,471693504.0,418311168.0,40481992.0,-53382336.0,-11.317165817912134,53382336.0
ucb,71,50,433958336.0,425706592.0,42937584.0,-8251744.0,-1.9015060468846483,8251744.0
ucb,71,100,376629408.0,426592096.0,43175532.0,49962688.0,13.265742647478021,49962688.0
ucb,72,0,465345696.0,430111584.0,39525288.0,-35234112.0,-7.571599415845892,35234112.0
ucb,72,50,423368256.0,431612736.0,44060576.0,8244480.0,1.9473543146324128,8244480.0
ucb,72,100,391411328.0,432904896.0,43885268.0,41493568.0,10.601013571073754,41493568.0
ucb,73,0,306052576.0,412443680.0,33244448.0,106391104.0,34.762361876019625,106391104.0
ucb,73,50,421673216.0,423555520.0,41244316.0,1882304.0,0.4463892722083634,1882304.0
ucb,73,100,428771488.0,424451424.0,41848564.0,-4320064.0,-1.007544606137617,4320064.0
ucb,74,0,409992352.0,419193888.0,36892716.0,9201536.0,2.244318937929847,9201536.0
ucb,74,50,560897152.0,426090144.0,41958376.0,-134807008.0,-24.034175876863788,134807008.0
ucb,74,100,512634816.0,427290048.0,42745936.0,-85344768.0,-16.64825824081367,85344768.0
ucb,75,0,442275168.0,419461568.0,37788244.0,-22813600.0,-5.158236693044453,22813600.0
ucb,75,50,402565344.0,428332288.0,40359532.0,25766944.0,6.400686095820508,25766944.0
ucb,75,100,343730624.0,429787968.0,40897932.0,86057344.0,25.036274917419053,86057344.0
ucb,76,0,418424704.0,424651552.0,40064764.0,6226848.0,1.4881645229054161,6226848.0
ucb,76,50,441987392.0,433510816.0,39329788.0,-8476576.0,-1.9178320815087864,8476576.0
ucb,76,100,385362720.0,433393600.0,40689912.0,48030880.0,12.463810718379817,48030880.0
ucb,77,0,401206688.0,425036800.0,34951892.0,23830112.0,5.939609860142711,23830112.0
ucb,77,50,462253984.0,432104960.0,40296576.0,-30149024.0,-6.522177210699821,30149024.0
ucb,77,100,461280576.0,432193632.0,40931856.0,-29086944.0,-6.305694519424117,29086944.0
ucb,78,0,497982784.0,410243808.0,34553280.0,-87738976.0,-17.618877362635892,87738976.0
ucb,78,50,400190656.0,420270528.0,38471584.0,20079872.0,5.01757642237404,20079872.0
ucb,78,100,355910464.0,422928608.0,39636140.0,67018144.0,18.83005721349064,67018144.0
ucb,79,0,484647136.0,424376000.0,40843968.0,-60271136.0,-12.436086282783688,60271136.0
ucb,79,50,427450976.0,431837280.0,41234776.0,4386304.0,1.0261536986173592,4386304.0
ucb,79,100,454284768.0,432687680.0,41681604.0,-21597088.0,-4.75408587769335,21597088.0
ucb,80,0,315514464.0,398830496.0,29773370.0,83316032.0,26.406406522142834,83316032.0
ucb,80,50,372821984.0,432590240.0,33777004.0,59768256.0,16.031312144940465,59768256.0
ucb,80,100,461918624.0,434323040.0,34739596.0,-27595584.0,-5.974122402997113,27595584.0
ucb,81,0,515074912.0,413947776.0,33842040.0,-101127136.0,-19.63348119739134,101127136.0
ucb,81,50,432734784.0,423206624.0,37345744.0,-9528160.0,-2.201847494653908,9528160.0
ucb,81,100,393322336.0,425439616.0,39188460.0,32117280.0,8.165638475207267,32117280.0
ucb,82,0,409249152.0,417014880.0,41128228.0,7765728.0,1.897555062007801,7765728.0
ucb,82,50,499409408.0,426289216.0,43990012.0,-73120192.0,-14.641332507696772,73120192.0
ucb,82,100,328369696.0,427496992.0,44608276.0,99127296.0,30.187711353242534,99127296.0
ucb,83,0,478593696.0,419233696.0,35174104.0,-59360000.0,-12.403004990688386,59360000.0
ucb,83,50,310939776.0,426487552.0,41351732.0,115547776.0,37.16082177919881,115547776.0
ucb,83,100,336783040.0,427648192.0,41428652.0,90865152.0,26.980322999637984,90865152.0
ucb,84,0,367393504.0,411031232.0,30824960.0,43637728.0,11.877653666952153,43637728.0
ucb,84,50,350257952.0,421007552.0,34357028.0,70749600.0,20.199284440514287,70749600.0
ucb,84,100,360545184.0,424470528.0,33822516.0,63925344.0,17.73018940117087,63925344.0
ucb,85,0,496343904.0,428069664.0,33713808.0,-68274240.0,-13.75543034774534,68274240.0
ucb,85,50,380795168.0,434163520.0,40826520.0,53368352.0,14.014976156420136,53368352.0
ucb,85,100,303177952.0,435351392.0,41079084.0,132173440.0,43.59599341841322,132173440.0
ucb,86,0,406097376.0,392263104.0,32457948.0,-13834272.0,-3.4066391012583153,13834272.0
ucb,86,50,328619200.0,408702752.0,40904440.0,80083552.0,24.369711812334764,80083552.0
ucb,86,100,468890176.0,413633472.0,42237096.0,-55256704.0,-11.784572769551904,55256704.0
ucb,87,0,427291136.0,416202400.0,39256944.0,-11088736.0,-2.595124276109486,11088736.0
ucb,87,50,381873280.0,424578464.0,40894788.0,42705184.0,11.183077276315325,42705184.0
ucb,87,100,356619520.0,426097952.0,41568704.0,69478432.0,19.482509538457123,69478432.0
ucb,88,0,488899328.0,420171456.0,35302608.0,-68727872.0,-14.057673648510313,68727872.0
ucb,88,50,414619584.0,428480064.0,38689792.0,13860480.0,3.3429390542247037,13860480.0
ucb,88,100,412562240.0,430550208.0,38502496.0,17987968.0,4.360061647910386,17987968.0
ucb,89,0,422891616.0,431282592.0,30989102.0,8390976.0,1.9841906726285157,8390976.0
ucb,89,50,458333280.0,440944448.0,37856736.0,-17388832.0,-3.793927423293373,17388832.0
ucb,89,100,302446816.0,442136672.0,38039828.0,139689856.0,46.18658508211903,139689856.0
ucb,90,0,484721792.0,411225216.0,35417964.0,-73496576.0,-15.162630856093221,73496576.0
ucb,90,50,320345312.0,425097600.0,40235012.0,104752288.0,32.699803641890036,104752288.0
ucb,90,100,366336640.0,425681472.0,40973796.0,59344832.0,16.19953494141345,59344832.0
ucb,91,0,428908352.0,416104000.0,33593404.0,-12804352.0,-2.9853351981357545,12804352.0
ucb,91,50,508791136.0,424400256.0,42269864.0,-84390880.0,-16.5865468222308,84390880.0
ucb,91,100,444679552.0,425791264.0,43000984.0,-18888288.0,-4.247617844141392,18888288.0
ucb,92,0,417755488.0,419712192.0,34997332.0,1956704.0,0.46838498983405336,1956704.0
ucb,92,50,384171840.0,424366944.0,40072732.0,40195104.0,10.46279290017717,40195104.0
ucb,92,100,421323680.0,424289600.0,41146560.0,2965920.0,0.7039528374004518,2965920.0
ucb,93,0,501892256.0,431437568.0,34767020.0,-70454688.0,-14.037811334550657,70454688.0
ucb,93,50,379015008.0,432647104.0,41856652.0,53632096.0,14.150388472215855,53632096.0
ucb,93,100,389522304.0,432406848.0,42890296.0,42884544.0,11.009522063208992,42884544.0
ucb,94,0,425523456.0,421460544.0,29975552.0,-4062912.0,-0.9548032999619179,4062912.0
ucb,94,50,424978912.0,432588096.0,35492988.0,7609184.0,1.790485077057188,7609184.0
ucb,94,100,437994240.0,434053056.0,35530580.0,-3941184.0,-0.8998255319522009,3941184.0
ucb,95,0,386682752.0,425250304.0,40470748.0,38567552.0,9.97395198014935,38567552.0
ucb,95,50,452073408.0,432061760.0,44728956.0,-20011648.0,-4.4266368350513545,20011648.0
ucb,95,100,372026624.0,433426592.0,45418580.0,61399968.0,16.504186539079527,61399968.0
ucb,96,0,359353024.0,411988896.0,44329620.0,52635872.0,14.647399210421003,52635872.0
ucb,96,50,527925920.0,420514496.0,45893380.0,-107411424.0,-20.345927322530404,107411424.0
ucb,96,100,446835552.0,422862752.0,46593160.0,-23972800.0,-5.365016255465725,23972800.0
ucb,97,0,435270336.0,400259008.0,27365652.0,-35011328.0,-8.043582368084923,35011328.0
ucb,97,50,350825664.0,417198592.0,35989928.0,66372928.0,18.919062888170004,66372928.0
ucb,97,100,390716960.0,417489600.0,37916776.0,26772640.0,6.852182715590334,26772640.0
ucb,98,0,332621792.0,398303808.0,35185324.0,65682016.0,19.746756700775634,65682016.0
ucb,98,50,333136544.0,414826176.0,36342316.0,81689632.0,24.521366229938437,81689632.0
ucb,98,100,290812544.0,418276608.0,36192256.0,127464064.0,43.83031840607261,127464064.0
ucb,99,0,350351808.0,402842368.0,33924384.0,52490560.0,14.982243219935087,52490560.0
ucb,99,50,394763392.0,418441280.0,38468428.0,23677888.0,5.997994869797856,23677888.0
ucb,99,100,376353728.0,419260608.0,39511288.0,42906880.0,11.40067888473261,42906880.0
