run_id,geology_config_id,geology_name,snapshot_id,case_name,pred_total_energy,actual_total_energy,abs_err_total_energy,pred_discounted_revenue,actual_discounted_revenue,abs_err_discounted_revenue
14,74,v2.5_0111,run0014_iter0050,v2.5_cmaes_20260420_74_run0014,183923887833088.0,189169250861056.0,5245363027968.0,396841920.0,405034208.0,8192288.0
14,76,v2.5_1203,run0014_iter0050,v2.5_cmaes_20260420_76_run0014,187773017391104.0,190526913511424.0,2753896120320.0,412449152.0,408969920.0,3479232.0
14,73,v2.5_1428,run0014_iter0050,v2.5_cmaes_20260420_73_run0014,183832082907136.0,181999440494592.0,1832642412544.0,399098944.0,388267680.0,10831264.0
29,74,v2.5_0111,run0029_iter0050,v2.5_cmaes_20260420_74_run0029,183382403186688.0,164741506924544.0,18640896262144.0,397876672.0,343022048.0,54854624.0
29,76,v2.5_1203,run0029_iter0050,v2.5_cmaes_20260420_76_run0029,183847954153472.0,185981177167872.0,2133223014400.0,404219584.0,389609280.0,14610304.0
29,73,v2.5_1428,run0029_iter0050,v2.5_cmaes_20260420_73_run0029,184052938178560.0,167133015179264.0,16919922999296.0,399871360.0,343974144.0,55897216.0
44,74,v2.5_0111,run0044_iter0050,v2.5_cmaes_20260420_74_run0044,180345072779264.0,199818739712000.0,19473666932736.0,394678720.0,444880320.0,50201600.0
44,76,v2.5_1203,run0044_iter0050,v2.5_cmaes_20260420_76_run0044,182827228332032.0,193325453803520.0,10498225471488.0,397075680.0,424282336.0,27206656.0
44,73,v2.5_1428,run0044_iter0050,v2.5_cmaes_20260420_73_run0044,183392066863104.0,196649473277952.0,13257406414848.0,397374880.0,436699424.0,39324544.0
59,74,v2.5_0111,run0059_iter0050,v2.5_cmaes_20260420_74_run0059,185528594989056.0,192881243455488.0,7352648466432.0,404720992.0,426072608.0,21351616.0
59,76,v2.5_1203,run0059_iter0050,v2.5_cmaes_20260420_76_run0059,184180042366976.0,191771749384192.0,7591707017216.0,406840320.0,422195072.0,15354752.0
59,73,v2.5_1428,run0059_iter0050,v2.5_cmaes_20260420_73_run0059,186050567733248.0,188167684620288.0,2117116887040.0,405812224.0,416289888.0,10477664.0
74,74,v2.5_0111,run0074_iter0050,v2.5_cmaes_20260420_74_run0074,182790352011264.0,195458324496384.0,12667972485120.0,395946560.0,453953984.0,58007424.0
74,76,v2.5_1203,run0074_iter0050,v2.5_cmaes_20260420_76_run0074,188457695576064.0,195661379141632.0,7203683565568.0,410786496.0,449350432.0,38563936.0
74,73,v2.5_1428,run0074_iter0050,v2.5_cmaes_20260420_73_run0074,185954065186816.0,200283149828096.0,14329084641280.0,400621120.0,459451200.0,58830080.0
89,74,v2.5_0111,run0089_iter0050,v2.5_cmaes_20260420_74_run0089,182889119481856.0,184850443141120.0,1961323659264.0,399243840.0,423270688.0,24026848.0
89,76,v2.5_1203,run0089_iter0050,v2.5_cmaes_20260420_76_run0089,183576549130240.0,195052852740096.0,11476303609856.0,398155008.0,439795808.0,41640800.0
89,73,v2.5_1428,run0089_iter0050,v2.5_cmaes_20260420_73_run0089,184312062279680.0,191645232398336.0,7333170118656.0,399683776.0,434599456.0,34915680.0
104,74,v2.5_0111,run0104_iter0050,v2.5_cmaes_20260420_74_run0104,184021967437824.0,191914271834112.0,7892304396288.0,398600672.0,408971488.0,10370816.0
104,76,v2.5_1203,run0104_iter0050,v2.5_cmaes_20260420_76_run0104,184624672145408.0,192422772473856.0,7798100328448.0,393884896.0,408580064.0,14695168.0
104,73,v2.5_1428,run0104_iter0050,v2.5_cmaes_20260420_73_run0104,185094719406080.0,192006127091712.0,6911407685632.0,399217184.0,410093504.0,10876320.0
119,74,v2.5_0111,run0119_iter0050,v2.5_cmaes_20260420_74_run0119,186287696904192.0,155456626491392.0,30831070412800.0,405510080.0,356835360.0,48674720.0
119,76,v2.5_1203,run0119_iter0050,v2.5_cmaes_20260420_76_run0119,185618101436416.0,196569848610816.0,10951747174400.0,408796096.0,439314432.0,30518336.0
119,73,v2.5_1428,run0119_iter0050,v2.5_cmaes_20260420_73_run0119,183130124189696.0,180087727063040.0,3042397126656.0,400531808.0,412158240.0,11626432.0
134,74,v2.5_0111,run0134_iter0050,v2.5_cmaes_20260420_74_run0134,188046519566336.0,202354431361024.0,14307911794688.0,410790464.0,453534432.0,42743968.0
134,76,v2.5_1203,run0134_iter0050,v2.5_cmaes_20260420_76_run0134,190605565100032.0,198505016590336.0,7899451490304.0,418240704.0,440954816.0,22714112.0
134,73,v2.5_1428,run0134_iter0050,v2.5_cmaes_20260420_73_run0134,188319199657984.0,199677978869760.0,11358779211776.0,410618368.0,445570560.0,34952192.0
149,74,v2.5_0111,run0149_iter0050,v2.5_cmaes_20260420_74_run0149,185916350005248.0,180175153135616.0,5741196869632.0,402775680.0,386257856.0,16517824.0
149,76,v2.5_1203,run0149_iter0050,v2.5_cmaes_20260420_76_run0149,186278419103744.0,176231903395840.0,10046515707904.0,410750112.0,378497568.0,32252544.0
149,73,v2.5_1428,run0149_iter0050,v2.5_cmaes_20260420_73_run0149,185603018719232.0,183408844079104.0,2194174640128.0,399718528.0,394997088.0,4721440.0
164,74,v2.5_0111,run0164_iter0050,v2.5_cmaes_20260420_74_run0164,181982982045696.0,197939070763008.0,15956088717312.0,393974400.0,436044576.0,42070176.0
164,76,v2.5_1203,run0164_iter0050,v2.5_cmaes_20260420_76_run0164,184045388431360.0,202683969437696.0,18638581006336.0,402888032.0,442379168.0,39491136.0
164,73,v2.5_1428,run0164_iter0050,v2.5_cmaes_20260420_73_run0164,183372152307712.0,203453741662208.0,20081589354496.0,396516672.0,445621120.0,49104448.0
179,74,v2.5_0111,run0179_iter0050,v2.5_cmaes_20260420_74_run0179,180325292441600.0,188533276934144.0,8207984492544.0,394877984.0,416279328.0,21401344.0
179,76,v2.5_1203,run0179_iter0050,v2.5_cmaes_20260420_76_run0179,186226292293632.0,196248111939584.0,10021819645952.0,407010720.0,423108480.0,16097760.0
179,73,v2.5_1428,run0179_iter0050,v2.5_cmaes_20260420_73_run0179,182793489350656.0,199122384584704.0,16328895234048.0,393174144.0,431994176.0,38820032.0
194,74,v2.5_0111,run0194_iter0050,v2.5_cmaes_20260420_74_run0194,185314433826816.0,191088883138560.0,5774449311744.0,406054720.0,425019264.0,18964544.0
194,76,v2.5_1203,run0194_iter0050,v2.5_cmaes_20260420_76_run0194,186797724270592.0,191729303027712.0,4931578757120.0,416357952.0,410787360.0,5570592.0
194,73,v2.5_1428,run0194_iter0050,v2.5_cmaes_20260420_73_run0194,186786349318144.0,186971234238464.0,184884920320.0,408814944.0,405505024.0,3309920.0
209,74,v2.5_0111,run0209_iter0050,v2.5_cmaes_20260420_74_run0209,187299983785984.0,197232414425088.0,9932430639104.0,407574080.0,439832288.0,32258208.0
209,76,v2.5_1203,run0209_iter0050,v2.5_cmaes_20260420_76_run0209,186343179157504.0,190557062168576.0,4213883011072.0,414026336.0,419885280.0,5858944.0
209,73,v2.5_1428,run0209_iter0050,v2.5_cmaes_20260420_73_run0209,186319640723456.0,196470544269312.0,10150903545856.0,407771488.0,436397632.0,28626144.0
224,74,v2.5_0111,run0224_iter0050,v2.5_cmaes_20260420_74_run0224,187554997469184.0,167679516213248.0,19875481255936.0,410585984.0,382328768.0,28257216.0
224,76,v2.5_1203,run0224_iter0050,v2.5_cmaes_20260420_76_run0224,190366573658112.0,167952900947968.0,22413672710144.0,417616672.0,380328992.0,37287680.0
224,73,v2.5_1428,run0224_iter0050,v2.5_cmaes_20260420_73_run0224,189365561065472.0,167238325764096.0,22127235301376.0,413069504.0,379181696.0,33887808.0
239,74,v2.5_0111,run0239_iter0050,v2.5_cmaes_20260420_74_run0239,183299909615616.0,179339832328192.0,3960077287424.0,396274368.0,412505440.0,16231072.0
239,76,v2.5_1203,run0239_iter0050,v2.5_cmaes_20260420_76_run0239,187179238162432.0,191176594423808.0,3997356261376.0,408173120.0,426085952.0,17912832.0
239,73,v2.5_1428,run0239_iter0050,v2.5_cmaes_20260420_73_run0239,185933462765568.0,189532695691264.0,3599232925696.0,400026816.0,430484352.0,30457536.0
254,74,v2.5_0111,run0254_iter0050,v2.5_cmaes_20260420_74_run0254,186039125671936.0,190883563569152.0,4844437897216.0,407383168.0,405604608.0,1778560.0
254,76,v2.5_1203,run0254_iter0050,v2.5_cmaes_20260420_76_run0254,188202195353600.0,193808771842048.0,5606576488448.0,415768000.0,419074688.0,3306688.0
254,73,v2.5_1428,run0254_iter0050,v2.5_cmaes_20260420_73_run0254,186954574462976.0,182786694578176.0,4167879884800.0,407798272.0,388689664.0,19108608.0
269,74,v2.5_0111,run0269_iter0050,v2.5_cmaes_20260420_74_run0269,183505464066048.0,188524519227392.0,5019055161344.0,402133216.0,419866592.0,17733376.0
269,76,v2.5_1203,run0269_iter0050,v2.5_cmaes_20260420_76_run0269,188638906286080.0,187718105563136.0,920800722944.0,416991552.0,412340896.0,4650656.0
269,73,v2.5_1428,run0269_iter0050,v2.5_cmaes_20260420_73_run0269,185338374914048.0,190216820228096.0,4878445314048.0,403522080.0,421481280.0,17959200.0
284,74,v2.5_0111,run0284_iter0050,v2.5_cmaes_20260420_74_run0284,187277217103872.0,190913208909824.0,3635991805952.0,407748992.0,424941472.0,17192480.0
284,76,v2.5_1203,run0284_iter0050,v2.5_cmaes_20260420_76_run0284,187422776229888.0,193827495215104.0,6404718985216.0,411672096.0,420658368.0,8986272.0
284,73,v2.5_1428,run0284_iter0050,v2.5_cmaes_20260420_73_run0284,186797271285760.0,189338600079360.0,2541328793600.0,406582080.0,413173568.0,6591488.0
299,74,v2.5_0111,run0299_iter0050,v2.5_cmaes_20260420_74_run0299,189337241124864.0,177851978481664.0,11485262643200.0,418599072.0,403281408.0,15317664.0
299,76,v2.5_1203,run0299_iter0050,v2.5_cmaes_20260420_76_run0299,191878939017216.0,193316226334720.0,1437287317504.0,425518912.0,424513920.0,1004992.0
299,73,v2.5_1428,run0299_iter0050,v2.5_cmaes_20260420_73_run0299,188041234743296.0,187842626060288.0,198608683008.0,414704640.0,415166368.0,461728.0
314,74,v2.5_0111,run0314_iter0050,v2.5_cmaes_20260420_74_run0314,182221906378752.0,183536518692864.0,1314612314112.0,398115648.0,418299712.0,20184064.0
314,76,v2.5_1203,run0314_iter0050,v2.5_cmaes_20260420_76_run0314,189080415502336.0,191314989678592.0,2234574176256.0,417030720.0,431565472.0,14534752.0
314,73,v2.5_1428,run0314_iter0050,v2.5_cmaes_20260420_73_run0314,185943998857216.0,182297571622912.0,3646427234304.0,402965600.0,407829952.0,4864352.0
329,74,v2.5_0111,run0329_iter0050,v2.5_cmaes_20260420_74_run0329,182887794081792.0,188761447071744.0,5873652989952.0,398564352.0,434701216.0,36136864.0
329,76,v2.5_1203,run0329_iter0050,v2.5_cmaes_20260420_76_run0329,184159641272320.0,204332498681856.0,20172857409536.0,398864576.0,459954944.0,61090368.0
329,73,v2.5_1428,run0329_iter0050,v2.5_cmaes_20260420_73_run0329,182836288028672.0,187871633866752.0,5035345838080.0,396947008.0,427048768.0,30101760.0
344,74,v2.5_0111,run0344_iter0050,v2.5_cmaes_20260420_74_run0344,188239256223744.0,189762107342848.0,1522851119104.0,411338944.0,436322976.0,24984032.0
344,76,v2.5_1203,run0344_iter0050,v2.5_cmaes_20260420_76_run0344,190370533081088.0,196200078770176.0,5829545689088.0,417735456.0,445965120.0,28229664.0
344,73,v2.5_1428,run0344_iter0050,v2.5_cmaes_20260420_73_run0344,189361551310848.0,195062063431680.0,5700512120832.0,411232192.0,447497952.0,36265760.0
359,74,v2.5_0111,run0359_iter0050,v2.5_cmaes_20260420_74_run0359,184551724810240.0,154890529669120.0,29661195141120.0,406256128.0,343123392.0,63132736.0
359,76,v2.5_1203,run0359_iter0050,v2.5_cmaes_20260420_76_run0359,188213889073152.0,155253873836032.0,32960015237120.0,413702208.0,343435200.0,70267008.0
359,73,v2.5_1428,run0359_iter0050,v2.5_cmaes_20260420_73_run0359,184390596427776.0,159598703017984.0,24791893409792.0,405259808.0,351790464.0,53469344.0
374,74,v2.5_0111,run0374_iter0050,v2.5_cmaes_20260420_74_run0374,187893880455168.0,186736722313216.0,1157158141952.0,410668672.0,396220640.0,14448032.0
374,76,v2.5_1203,run0374_iter0050,v2.5_cmaes_20260420_76_run0374,189348850958336.0,191220919828480.0,1872068870144.0,420653920.0,411219360.0,9434560.0
374,73,v2.5_1428,run0374_iter0050,v2.5_cmaes_20260420_73_run0374,188971028054016.0,186597874073600.0,2373153980416.0,411882880.0,397206848.0,14676032.0
389,74,v2.5_0111,run0389_iter0050,v2.5_cmaes_20260420_74_run0389,184627641712640.0,192126402953216.0,7498761240576.0,397517536.0,398890912.0,1373376.0
389,76,v2.5_1203,run0389_iter0050,v2.5_cmaes_20260420_76_run0389,185215314034688.0,185626020282368.0,410706247680.0,405675136.0,386058464.0,19616672.0
389,73,v2.5_1428,run0389_iter0050,v2.5_cmaes_20260420_73_run0389,184357411094528.0,185604226678784.0,1246815584256.0,396316224.0,377310816.0,19005408.0
404,74,v2.5_0111,run0404_iter0050,v2.5_cmaes_20260420_74_run0404,184705638989824.0,154250193666048.0,30455445323776.0,404083872.0,336267520.0,67816352.0
404,76,v2.5_1203,run0404_iter0050,v2.5_cmaes_20260420_76_run0404,188270461845504.0,165427107856384.0,22843353989120.0,408628352.0,350724384.0,57903968.0
404,73,v2.5_1428,run0404_iter0050,v2.5_cmaes_20260420_73_run0404,186549807349760.0,158378244440064.0,28171562909696.0,401939136.0,334595680.0,67343456.0
419,74,v2.5_0111,run0419_iter0050,v2.5_cmaes_20260420_74_run0419,187091459768320.0,191214460600320.0,4123000832000.0,409859520.0,430316800.0,20457280.0
419,76,v2.5_1203,run0419_iter0050,v2.5_cmaes_20260420_76_run0419,187765635416064.0,188337923031040.0,572287614976.0,413581472.0,420131456.0,6549984.0
419,73,v2.5_1428,run0419_iter0050,v2.5_cmaes_20260420_73_run0419,188434945671168.0,197872968531968.0,9438022860800.0,411791392.0,444422368.0,32630976.0
434,74,v2.5_0111,run0434_iter0050,v2.5_cmaes_20260420_74_run0434,185554767446016.0,186238388666368.0,683621220352.0,403774336.0,416065280.0,12290944.0
434,76,v2.5_1203,run0434_iter0050,v2.5_cmaes_20260420_76_run0434,188591409987584.0,190457103515648.0,1865693528064.0,412544064.0,430288128.0,17744064.0
434,73,v2.5_1428,run0434_iter0050,v2.5_cmaes_20260420_73_run0434,185098796269568.0,190146372698112.0,5047576428544.0,402119200.0,425702688.0,23583488.0
449,74,v2.5_0111,run0449_iter0050,v2.5_cmaes_20260420_74_run0449,189038724120576.0,193725305192448.0,4686581071872.0,413049152.0,445430688.0,32381536.0
449,76,v2.5_1203,run0449_iter0050,v2.5_cmaes_20260420_76_run0449,190044669214720.0,192427822415872.0,2383153201152.0,418036288.0,433192608.0,15156320.0
449,73,v2.5_1428,run0449_iter0050,v2.5_cmaes_20260420_73_run0449,189789605199872.0,209819654946816.0,20030049746944.0,413510784.0,475716480.0,62205696.0
464,74,v2.5_0111,run0464_iter0050,v2.5_cmaes_20260420_74_run0464,186315949735936.0,164412774154240.0,21903175581696.0,402483616.0,370504608.0,31979008.0
464,76,v2.5_1203,run0464_iter0050,v2.5_cmaes_20260420_76_run0464,189546771775488.0,185372331999232.0,4174439776256.0,416926112.0,408365472.0,8560640.0
464,73,v2.5_1428,run0464_iter0050,v2.5_cmaes_20260420_73_run0464,186795744559104.0,177606393593856.0,9189350965248.0,406385600.0,396199040.0,10186560.0
479,74,v2.5_0111,run0479_iter0050,v2.5_cmaes_20260420_74_run0479,187198464851968.0,171576007852032.0,15622456999936.0,410261056.0,372302112.0,37958944.0
479,76,v2.5_1203,run0479_iter0050,v2.5_cmaes_20260420_76_run0479,190601219801088.0,182423467851776.0,8177751949312.0,421784224.0,389785088.0,31999136.0
479,73,v2.5_1428,run0479_iter0050,v2.5_cmaes_20260420_73_run0479,186400003588096.0,185040998760448.0,1359004827648.0,408669952.0,401824896.0,6845056.0
494,74,v2.5_0111,run0494_iter0050,v2.5_cmaes_20260420_74_run0494,187408683368448.0,206370309668864.0,18961626300416.0,410671904.0,473805312.0,63133408.0
494,76,v2.5_1203,run0494_iter0050,v2.5_cmaes_20260420_76_run0494,191154364612608.0,210938259046400.0,19783894433792.0,425495744.0,477135776.0,51640032.0
494,73,v2.5_1428,run0494_iter0050,v2.5_cmaes_20260420_73_run0494,188763561000960.0,213351057588224.0,24587496587264.0,412431744.0,483355040.0,70923296.0
509,74,v2.5_0111,run0509_iter0050,v2.5_cmaes_20260420_74_run0509,189784303599616.0,191672545705984.0,1888242106368.0,412927040.0,430965216.0,18038176.0
509,76,v2.5_1203,run0509_iter0050,v2.5_cmaes_20260420_76_run0509,191962154008576.0,203699091668992.0,11736937660416.0,421057120.0,452417536.0,31360416.0
509,73,v2.5_1428,run0509_iter0050,v2.5_cmaes_20260420_73_run0509,189266021842944.0,196677793218560.0,7411771375616.0,410846240.0,443061056.0,32214816.0
524,74,v2.5_0111,run0524_iter0050,v2.5_cmaes_20260420_74_run0524,188040211333120.0,214187938676736.0,26147727343616.0,408870912.0,486789216.0,77918304.0
524,76,v2.5_1203,run0524_iter0050,v2.5_cmaes_20260420_76_run0524,188977185292288.0,211618961031168.0,22641775738880.0,415603936.0,477527904.0,61923968.0
524,73,v2.5_1428,run0524_iter0050,v2.5_cmaes_20260420_73_run0524,187953255022592.0,209672267104256.0,21719012081664.0,410491424.0,473430336.0,62938912.0
539,74,v2.5_0111,run0539_iter0050,v2.5_cmaes_20260420_74_run0539,186170675822592.0,176462875328512.0,9707800494080.0,405588352.0,396096672.0,9491680.0
539,76,v2.5_1203,run0539_iter0050,v2.5_cmaes_20260420_76_run0539,185483229396992.0,176065104314368.0,9418125082624.0,404573792.0,391115488.0,13458304.0
539,73,v2.5_1428,run0539_iter0050,v2.5_cmaes_20260420_73_run0539,187183667347456.0,174865483038720.0,12318184308736.0,407603520.0,388038528.0,19564992.0
554,74,v2.5_0111,run0554_iter0050,v2.5_cmaes_20260420_74_run0554,189517042548736.0,200043671846912.0,10526629298176.0,416617152.0,442903488.0,26286336.0
554,76,v2.5_1203,run0554_iter0050,v2.5_cmaes_20260420_76_run0554,189389955137536.0,192199618723840.0,2809663586304.0,421273664.0,416144736.0,5128928.0
554,73,v2.5_1428,run0554_iter0050,v2.5_cmaes_20260420_73_run0554,189092478320640.0,192672065126400.0,3579586805760.0,416880864.0,421146784.0,4265920.0
569,74,v2.5_0111,run0569_iter0050,v2.5_cmaes_20260420_74_run0569,183581565517824.0,191036034908160.0,7454469390336.0,401034016.0,429861824.0,28827808.0
569,76,v2.5_1203,run0569_iter0050,v2.5_cmaes_20260420_76_run0569,184252704489472.0,200437684764672.0,16184980275200.0,405824064.0,442597472.0,36773408.0
569,73,v2.5_1428,run0569_iter0050,v2.5_cmaes_20260420_73_run0569,183393006387200.0,201427607617536.0,18034601230336.0,402217792.0,446701152.0,44483360.0
584,74,v2.5_0111,run0584_iter0050,v2.5_cmaes_20260420_74_run0584,188785589485568.0,191049842556928.0,2264253071360.0,413883808.0,409522176.0,4361632.0
584,76,v2.5_1203,run0584_iter0050,v2.5_cmaes_20260420_76_run0584,189483890769920.0,190052940382208.0,569049612288.0,422250208.0,401108640.0,21141568.0
584,73,v2.5_1428,run0584_iter0050,v2.5_cmaes_20260420_73_run0584,188480747470848.0,190611185467392.0,2130437996544.0,414554880.0,408363712.0,6191168.0
599,74,v2.5_0111,run0599_iter0050,v2.5_cmaes_20260420_74_run0599,182821977063424.0,188926283218944.0,6104306155520.0,396861216.0,396390240.0,470976.0
599,76,v2.5_1203,run0599_iter0050,v2.5_cmaes_20260420_76_run0599,187096090279936.0,193128824832000.0,6032734552064.0,405825408.0,407129888.0,1304480.0
599,73,v2.5_1428,run0599_iter0050,v2.5_cmaes_20260420_73_run0599,184319041601536.0,189863039074304.0,5543997472768.0,397198976.0,396951936.0,247040.0
614,74,v2.5_0111,run0614_iter0050,v2.5_cmaes_20260420_74_run0614,188480109936640.0,176123052818432.0,12357057118208.0,415017024.0,389180864.0,25836160.0
614,76,v2.5_1203,run0614_iter0050,v2.5_cmaes_20260420_76_run0614,190406906085376.0,195703825498112.0,5296919412736.0,421243392.0,419832320.0,1411072.0
614,73,v2.5_1428,run0614_iter0050,v2.5_cmaes_20260420_73_run0614,189046928179200.0,188439978835968.0,606949343232.0,416508032.0,413064288.0,3443744.0
629,74,v2.5_0111,run0629_iter0050,v2.5_cmaes_20260420_74_run0629,187981876953088.0,201415075037184.0,13433198084096.0,412757824.0,449149568.0,36391744.0
629,76,v2.5_1203,run0629_iter0050,v2.5_cmaes_20260420_76_run0629,190758321651712.0,199667895762944.0,8909574111232.0,420900192.0,447575488.0,26675296.0
629,73,v2.5_1428,run0629_iter0050,v2.5_cmaes_20260420_73_run0629,187776607715328.0,192299980029952.0,4523372314624.0,412886336.0,432142944.0,19256608.0
644,74,v2.5_0111,run0644_iter0050,v2.5_cmaes_20260420_74_run0644,186090732388352.0,169520933109760.0,16569799278592.0,405611328.0,333772768.0,71838560.0
644,76,v2.5_1203,run0644_iter0050,v2.5_cmaes_20260420_76_run0644,187663495725056.0,176541174595584.0,11122321129472.0,412547264.0,346612864.0,65934400.0
644,73,v2.5_1428,run0644_iter0050,v2.5_cmaes_20260420_73_run0644,185781226307584.0,175081556803584.0,10699669504000.0,406892192.0,337031904.0,69860288.0
659,74,v2.5_0111,run0659_iter0050,v2.5_cmaes_20260420_74_run0659,184432371695616.0,176874638540800.0,7557733154816.0,402516288.0,402351136.0,165152.0
659,76,v2.5_1203,run0659_iter0050,v2.5_cmaes_20260420_76_run0659,188669155606528.0,197254191251456.0,8585035644928.0,419202400.0,433719840.0,14517440.0
659,73,v2.5_1428,run0659_iter0050,v2.5_cmaes_20260420_73_run0659,188234759929856.0,178953050390528.0,9281709539328.0,412410624.0,401473024.0,10937600.0
674,74,v2.5_0111,run0674_iter0050,v2.5_cmaes_20260420_74_run0674,187896699027456.0,189041005821952.0,1144306794496.0,411228192.0,429127808.0,17899616.0
674,76,v2.5_1203,run0674_iter0050,v2.5_cmaes_20260420_76_run0674,189630909513728.0,182555739422720.0,7075170091008.0,419018016.0,404035040.0,14982976.0
674,73,v2.5_1428,run0674_iter0050,v2.5_cmaes_20260420_73_run0674,187545937772544.0,188034909732864.0,488971960320.0,408745312.0,422028736.0,13283424.0
689,74,v2.5_0111,run0689_iter0050,v2.5_cmaes_20260420_74_run0689,186196126859264.0,193327567732736.0,7131440873472.0,402426976.0,418632704.0,16205728.0
689,76,v2.5_1203,run0689_iter0050,v2.5_cmaes_20260420_76_run0689,189863072628736.0,194687512084480.0,4824439455744.0,414815264.0,418361504.0,3546240.0
689,73,v2.5_1428,run0689_iter0050,v2.5_cmaes_20260420_73_run0689,185867528306688.0,193938342281216.0,8070813974528.0,400261376.0,416310432.0,16049056.0
704,74,v2.5_0111,run0704_iter0050,v2.5_cmaes_20260420_74_run0704,187855427076096.0,191821376389120.0,3965949313024.0,408930784.0,417348544.0,8417760.0
704,76,v2.5_1203,run0704_iter0050,v2.5_cmaes_20260420_76_run0704,188541212557312.0,192982024192000.0,4440811634688.0,414213184.0,418161824.0,3948640.0
704,73,v2.5_1428,run0704_iter0050,v2.5_cmaes_20260420_73_run0704,187782999834624.0,193347935272960.0,5564935438336.0,410939456.0,424690624.0,13751168.0
719,74,v2.5_0111,run0719_iter0050,v2.5_cmaes_20260420_74_run0719,188093109895168.0,188664374099968.0,571264204800.0,408470272.0,418840320.0,10370048.0
719,76,v2.5_1203,run0719_iter0050,v2.5_cmaes_20260420_76_run0719,190488896339968.0,195655540670464.0,5166644330496.0,417599424.0,422521568.0,4922144.0
719,73,v2.5_1428,run0719_iter0050,v2.5_cmaes_20260420_73_run0719,187392761790464.0,181448577384448.0,5944184406016.0,409924192.0,399258784.0,10665408.0
734,76,v2.5_1203,run0734_iter0050,v2.5_cmaes_20260420_76_run0734,189407218892800.0,198170344685568.0,8763125792768.0,421616096.0,435107712.0,13491616.0
734,73,v2.5_1428,run0734_iter0050,v2.5_cmaes_20260420_73_run0734,189537594638336.0,198254247542784.0,8716652904448.0,412472320.0,432721952.0,20249632.0
749,74,v2.5_0111,run0749_iter0050,v2.5_cmaes_20260420_74_run0749,186171028144128.0,171474337923072.0,14696690221056.0,403234048.0,348014368.0,55219680.0
749,76,v2.5_1203,run0749_iter0050,v2.5_cmaes_20260420_76_run0749,184072215199744.0,179451535032320.0,4620680167424.0,390804800.0,363650112.0,27154688.0
749,73,v2.5_1428,run0749_iter0050,v2.5_cmaes_20260420_73_run0749,187295470714880.0,170526307778560.0,16769162936320.0,407676800.0,328976512.0,78700288.0
764,74,v2.5_0111,run0764_iter0050,v2.5_cmaes_20260420_74_run0764,189698890792960.0,193487085502464.0,3788194709504.0,415592576.0,423511680.0,7919104.0
764,76,v2.5_1203,run0764_iter0050,v2.5_cmaes_20260420_76_run0764,190903159357440.0,194096165552128.0,3193006194688.0,421756288.0,423592032.0,1835744.0
764,73,v2.5_1428,run0764_iter0050,v2.5_cmaes_20260420_73_run0764,188520492695552.0,190276949770240.0,1756457074688.0,414684960.0,411151200.0,3533760.0
779,74,v2.5_0111,run0779_iter0050,v2.5_cmaes_20260420_74_run0779,188261519589376.0,205507843325952.0,17246323736576.0,409344000.0,467250432.0,57906432.0
779,76,v2.5_1203,run0779_iter0050,v2.5_cmaes_20260420_76_run0779,192133466161152.0,204368703913984.0,12235237752832.0,421503968.0,458600864.0,37096896.0
779,73,v2.5_1428,run0779_iter0050,v2.5_cmaes_20260420_73_run0779,187173852676096.0,206033993596928.0,18860140920832.0,411315072.0,466667840.0,55352768.0
794,74,v2.5_0111,run0794_iter0050,v2.5_cmaes_20260420_74_run0794,189762795208704.0,194624882737152.0,4862087528448.0,414277472.0,421994880.0,7717408.0
794,76,v2.5_1203,run0794_iter0050,v2.5_cmaes_20260420_76_run0794,191894843817984.0,196166121684992.0,4271277867008.0,423449152.0,427892992.0,4443840.0
794,73,v2.5_1428,run0794_iter0050,v2.5_cmaes_20260420_73_run0794,189452416712704.0,193417292283904.0,3964875571200.0,415043904.0,418410880.0,3366976.0
809,74,v2.5_0111,run0809_iter0050,v2.5_cmaes_20260420_74_run0809,190146221703168.0,195543200432128.0,5396978728960.0,416856384.0,423909248.0,7052864.0
809,76,v2.5_1203,run0809_iter0050,v2.5_cmaes_20260420_76_run0809,190500220960768.0,186864598253568.0,3635622707200.0,423117568.0,394528032.0,28589536.0
809,73,v2.5_1428,run0809_iter0050,v2.5_cmaes_20260420_73_run0809,187044517117952.0,193491061702656.0,6446544584704.0,409802240.0,418581984.0,8779744.0
824,74,v2.5_0111,run0824_iter0050,v2.5_cmaes_20260420_74_run0824,188359381090304.0,201656398512128.0,13297017421824.0,411165024.0,443979072.0,32814048.0
824,76,v2.5_1203,run0824_iter0050,v2.5_cmaes_20260420_76_run0824,190685927964672.0,198974510202880.0,8288582238208.0,420770432.0,434561568.0,13791136.0
824,73,v2.5_1428,run0824_iter0050,v2.5_cmaes_20260420_73_run0824,187426467217408.0,200606195122176.0,13179727904768.0,410852000.0,439384384.0,28532384.0
839,74,v2.5_0111,run0839_iter0050,v2.5_cmaes_20260420_74_run0839,186807438278656.0,194352605298688.0,7545167020032.0,410241056.0,432516864.0,22275808.0
839,76,v2.5_1203,run0839_iter0050,v2.5_cmaes_20260420_76_run0839,189768331689984.0,192473791987712.0,2705460297728.0,421119360.0,420889920.0,229440.0
839,73,v2.5_1428,run0839_iter0050,v2.5_cmaes_20260420_73_run0839,187140700897280.0,191777671741440.0,4636970844160.0,411150240.0,419411520.0,8261280.0
854,74,v2.5_0111,run0854_iter0050,v2.5_cmaes_20260420_74_run0854,189019782643712.0,176276245577728.0,12743537065984.0,413437216.0,382036608.0,31400608.0
854,76,v2.5_1203,run0854_iter0050,v2.5_cmaes_20260420_76_run0854,189336519704576.0,169205303345152.0,20131216359424.0,419841952.0,353843968.0,65997984.0
854,73,v2.5_1428,run0854_iter0050,v2.5_cmaes_20260420_73_run0854,189407755763712.0,181866732716032.0,7541023047680.0,418060992.0,385246624.0,32814368.0
869,74,v2.5_0111,run0869_iter0050,v2.5_cmaes_20260420_74_run0869,188868351492096.0,186994453905408.0,1873897586688.0,413103744.0,386587680.0,26516064.0
869,76,v2.5_1203,run0869_iter0050,v2.5_cmaes_20260420_76_run0869,190770434801664.0,183853322862592.0,6917111939072.0,422168256.0,375657536.0,46510720.0
869,73,v2.5_1428,run0869_iter0050,v2.5_cmaes_20260420_73_run0869,188552956608512.0,185117116989440.0,3435839619072.0,411109088.0,382915296.0,28193792.0
884,74,v2.5_0111,run0884_iter0050,v2.5_cmaes_20260420_74_run0884,190357430075392.0,168307604848640.0,22049825226752.0,417483520.0,341249888.0,76233632.0
884,76,v2.5_1203,run0884_iter0050,v2.5_cmaes_20260420_76_run0884,187705136775168.0,186006342991872.0,1698793783296.0,419752896.0,384228256.0,35524640.0
884,73,v2.5_1428,run0884_iter0050,v2.5_cmaes_20260420_73_run0884,189394266882048.0,181310651891712.0,8083614990336.0,414939552.0,365170336.0,49769216.0
899,74,v2.5_0111,run0899_iter0050,v2.5_cmaes_20260420_74_run0899,187676749725696.0,184397659635712.0,3279090089984.0,406502272.0,392964384.0,13537888.0
899,76,v2.5_1203,run0899_iter0050,v2.5_cmaes_20260420_76_run0899,185258448257024.0,177846509109248.0,7411939147776.0,410840160.0,370168992.0,40671168.0
899,73,v2.5_1428,run0899_iter0050,v2.5_cmaes_20260420_73_run0899,187695238217728.0,180512761053184.0,7182477164544.0,406565632.0,372331936.0,34233696.0
914,74,v2.5_0111,run0914_iter0050,v2.5_cmaes_20260420_74_run0914,187125819506688.0,192055921868800.0,4930102362112.0,408389280.0,428491264.0,20101984.0
914,76,v2.5_1203,run0914_iter0050,v2.5_cmaes_20260420_76_run0914,189253724143616.0,191018167173120.0,1764443029504.0,417781568.0,422447776.0,4666208.0
914,73,v2.5_1428,run0914_iter0050,v2.5_cmaes_20260420_73_run0914,187937316667392.0,191549568712704.0,3612252045312.0,410247040.0,421910944.0,11663904.0
929,74,v2.5_0111,run0929_iter0050,v2.5_cmaes_20260420_74_run0929,188600973000704.0,204328371486720.0,15727398486016.0,411030560.0,453919200.0,42888640.0
929,76,v2.5_1203,run0929_iter0050,v2.5_cmaes_20260420_76_run0929,190207710199808.0,198411835932672.0,8204125732864.0,419390272.0,430825344.0,11435072.0
929,73,v2.5_1428,run0929_iter0050,v2.5_cmaes_20260420_73_run0929,188569448611840.0,203975294976000.0,15405846364160.0,413133216.0,448761824.0,35628608.0
944,74,v2.5_0111,run0944_iter0050,v2.5_cmaes_20260420_74_run0944,189348498636800.0,178861732003840.0,10486766632960.0,415021472.0,387838336.0,27183136.0
944,76,v2.5_1203,run0944_iter0050,v2.5_cmaes_20260420_76_run0944,190135199072256.0,172664748507136.0,17470450565120.0,422121984.0,373330240.0,48791744.0
944,73,v2.5_1428,run0944_iter0050,v2.5_cmaes_20260420_73_run0944,188173506314240.0,180291016589312.0,7882489724928.0,413612896.0,391079488.0,22533408.0
959,74,v2.5_0111,run0959_iter0050,v2.5_cmaes_20260420_74_run0959,189054477926400.0,199150301872128.0,10095823945728.0,412047456.0,444133536.0,32086080.0
959,76,v2.5_1203,run0959_iter0050,v2.5_cmaes_20260420_76_run0959,191165135585280.0,200285146316800.0,9120010731520.0,419534080.0,436113472.0,16579392.0
959,73,v2.5_1428,run0959_iter0050,v2.5_cmaes_20260420_73_run0959,186300246261760.0,200143412396032.0,13843166134272.0,408662048.0,439454976.0,30792928.0
974,74,v2.5_0111,run0974_iter0050,v2.5_cmaes_20260420_74_run0974,187946762240000.0,190840278351872.0,2893516111872.0,413207232.0,424806016.0,11598784.0
974,76,v2.5_1203,run0974_iter0050,v2.5_cmaes_20260420_76_run0974,190824407105536.0,189674832265216.0,1149574840320.0,422772448.0,419861504.0,2910944.0
974,73,v2.5_1428,run0974_iter0050,v2.5_cmaes_20260420_73_run0974,187566926069760.0,204349846323200.0,16782920253440.0,413814464.0,453139872.0,39325408.0
989,74,v2.5_0111,run0989_iter0050,v2.5_cmaes_20260420_74_run0989,187680658817024.0,182294316843008.0,5386341974016.0,409082496.0,406830880.0,2251616.0
989,76,v2.5_1203,run0989_iter0050,v2.5_cmaes_20260420_76_run0989,190900793769984.0,196986493992960.0,6085700222976.0,422763968.0,432882016.0,10118048.0
989,73,v2.5_1428,run0989_iter0050,v2.5_cmaes_20260420_73_run0989,188692878589952.0,200144922345472.0,11452043755520.0,413416256.0,442891552.0,29475296.0
1004,74,v2.5_0111,run1004_iter0050,v2.5_cmaes_20260420_74_run1004,188239910535168.0,188178707251200.0,61203283968.0,413979520.0,408266816.0,5712704.0
1004,76,v2.5_1203,run1004_iter0050,v2.5_cmaes_20260420_76_run1004,190480390291456.0,179883984551936.0,10596405739520.0,422020416.0,383493024.0,38527392.0
1004,73,v2.5_1428,run1004_iter0050,v2.5_cmaes_20260420_73_run1004,188229995200512.0,186407150682112.0,1822844518400.0,414212224.0,404730720.0,9481504.0
1019,74,v2.5_0111,run1019_iter0050,v2.5_cmaes_20260420_74_run1019,188026957332480.0,198685539434496.0,10658582102016.0,411990368.0,450976864.0,38986496.0
1019,76,v2.5_1203,run1019_iter0050,v2.5_cmaes_20260420_76_run1019,191259675197440.0,195950182137856.0,4690506940416.0,423822784.0,441512128.0,17689344.0
1019,73,v2.5_1428,run1019_iter0050,v2.5_cmaes_20260420_73_run1019,188143928082432.0,200477245440000.0,12333317357568.0,412632832.0,453240608.0,40607776.0
1034,74,v2.5_0111,run1034_iter0050,v2.5_cmaes_20260420_74_run1034,189805493223424.0,181138014339072.0,8667478884352.0,417311680.0,408710048.0,8601632.0
1034,76,v2.5_1203,run1034_iter0050,v2.5_cmaes_20260420_76_run1034,189587204866048.0,167400930541568.0,22186274324480.0,419309824.0,369425280.0,49884544.0
1034,73,v2.5_1428,run1034_iter0050,v2.5_cmaes_20260420_73_run1034,189632788561920.0,172709845663744.0,16922942898176.0,415435008.0,386441216.0,28993792.0
1049,74,v2.5_0111,run1049_iter0050,v2.5_cmaes_20260420_74_run1049,186766753529856.0,191866322550784.0,5099569020928.0,413372480.0,423044224.0,9671744.0
1049,76,v2.5_1203,run1049_iter0050,v2.5_cmaes_20260420_76_run1049,190338455044096.0,201764125016064.0,11425669971968.0,421245248.0,442444032.0,21198784.0
1049,73,v2.5_1428,run1049_iter0050,v2.5_cmaes_20260420_73_run1049,187364492181504.0,201461078163456.0,14096585981952.0,411754400.0,442081984.0,30327584.0
1064,74,v2.5_0111,run1064_iter0050,v2.5_cmaes_20260420_74_run1064,189088955105280.0,197085848666112.0,7996893560832.0,412625856.0,438213792.0,25587936.0
1064,76,v2.5_1203,run1064_iter0050,v2.5_cmaes_20260420_76_run1064,190885711052800.0,197885350117376.0,6999639064576.0,419669568.0,434719136.0,15049568.0
1064,73,v2.5_1428,run1064_iter0050,v2.5_cmaes_20260420_73_run1064,189469613359104.0,192421832949760.0,2952219590656.0,414364864.0,427328160.0,12963296.0
1079,74,v2.5_0111,run1079_iter0050,v2.5_cmaes_20260420_74_run1079,188506668269568.0,180491823087616.0,8014845181952.0,411572736.0,389056160.0,22516576.0
1079,76,v2.5_1203,run1079_iter0050,v2.5_cmaes_20260420_76_run1079,191159095787520.0,186720582631424.0,4438513156096.0,426260512.0,382197888.0,44062624.0
1079,73,v2.5_1428,run1079_iter0050,v2.5_cmaes_20260420_73_run1079,189089575862272.0,186960966582272.0,2128609280000.0,412454304.0,381934464.0,30519840.0
1094,74,v2.5_0111,run1094_iter0050,v2.5_cmaes_20260420_74_run1094,188888349933568.0,189752041013248.0,863691079680.0,413977440.0,420552448.0,6575008.0
1094,76,v2.5_1203,run1094_iter0050,v2.5_cmaes_20260420_76_run1094,191575204298752.0,198239500369920.0,6664296071168.0,421358464.0,433561280.0,12202816.0
1094,73,v2.5_1428,run1094_iter0050,v2.5_cmaes_20260420_73_run1094,188131143843840.0,193576474509312.0,5445330665472.0,411165056.0,422780032.0,11614976.0
1109,74,v2.5_0111,run1109_iter0050,v2.5_cmaes_20260420_74_run1109,187507803160576.0,194122858102784.0,6615054942208.0,409596736.0,424405760.0,14809024.0
1109,76,v2.5_1203,run1109_iter0050,v2.5_cmaes_20260420_76_run1109,191451472330752.0,195541220720640.0,4089748389888.0,423159488.0,422650880.0,508608.0
1109,73,v2.5_1428,run1109_iter0050,v2.5_cmaes_20260420_73_run1109,188210852397056.0,196561996873728.0,8351144476672.0,411149312.0,425985024.0,14835712.0
1124,74,v2.5_0111,run1124_iter0050,v2.5_cmaes_20260420_74_run1124,189512663695360.0,192796635955200.0,3283972259840.0,416182528.0,432797600.0,16615072.0
1124,76,v2.5_1203,run1124_iter0050,v2.5_cmaes_20260420_76_run1124,192475788476416.0,206199484055552.0,13723695579136.0,424307520.0,455974400.0,31666880.0
1124,73,v2.5_1428,run1124_iter0050,v2.5_cmaes_20260420_73_run1124,190347447631872.0,204927888523264.0,14580440891392.0,415514688.0,452802112.0,37287424.0
1139,74,v2.5_0111,run1139_iter0050,v2.5_cmaes_20260420_74_run1139,188564918763520.0,161451796856832.0,27113121906688.0,418052576.0,342383040.0,75669536.0
1139,76,v2.5_1203,run1139_iter0050,v2.5_cmaes_20260420_76_run1139,191667613204480.0,181296005382144.0,10371607822336.0,424958400.0,381489024.0,43469376.0
1139,73,v2.5_1428,run1139_iter0050,v2.5_cmaes_20260420_73_run1139,190116811243520.0,175180508823552.0,14936302419968.0,417081568.0,369143168.0,47938400.0
1154,74,v2.5_0111,run1154_iter0050,v2.5_cmaes_20260420_74_run1154,188322152448000.0,190742534291456.0,2420381843456.0,414111680.0,425301856.0,11190176.0
1154,76,v2.5_1203,run1154_iter0050,v2.5_cmaes_20260420_76_run1154,189947478802432.0,191351379460096.0,1403900657664.0,420226368.0,420558208.0,331840.0
1154,73,v2.5_1428,run1154_iter0050,v2.5_cmaes_20260420_73_run1154,189821934895104.0,201003714478080.0,11181779582976.0,415162816.0,444749440.0,29586624.0
1169,74,v2.5_0111,run1169_iter0050,v2.5_cmaes_20260420_74_run1169,188933161877504.0,202380972916736.0,13447811039232.0,416840096.0,440252064.0,23411968.0
1169,76,v2.5_1203,run1169_iter0050,v2.5_cmaes_20260420_76_run1169,191631022096384.0,201154323546112.0,9523301449728.0,423194528.0,438161536.0,14967008.0
1169,73,v2.5_1428,run1169_iter0050,v2.5_cmaes_20260420_73_run1169,189888657883136.0,198975500058624.0,9086842175488.0,416657024.0,432209568.0,15552544.0
1184,74,v2.5_0111,run1184_iter0050,v2.5_cmaes_20260420_74_run1184,188391979220992.0,183328179224576.0,5063799996416.0,414066112.0,401197536.0,12868576.0
1184,76,v2.5_1203,run1184_iter0050,v2.5_cmaes_20260420_76_run1184,190897052450816.0,195906511044608.0,5009458593792.0,421894208.0,421823008.0,71200.0
1184,73,v2.5_1428,run1184_iter0050,v2.5_cmaes_20260420_73_run1184,189183880593408.0,183034158514176.0,6149722079232.0,413078848.0,401300960.0,11777888.0
1199,74,v2.5_0111,run1199_iter0050,v2.5_cmaes_20260420_74_run1199,189277396795392.0,180675298721792.0,8602098073600.0,414636992.0,356071168.0,58565824.0
1199,76,v2.5_1203,run1199_iter0050,v2.5_cmaes_20260420_76_run1199,192380594552832.0,184940671008768.0,7439923544064.0,425500000.0,382229088.0,43270912.0
1199,73,v2.5_1428,run1199_iter0050,v2.5_cmaes_20260420_73_run1199,189950314151936.0,179496531525632.0,10453782626304.0,415024640.0,347999328.0,67025312.0
1214,74,v2.5_0111,run1214_iter0050,v2.5_cmaes_20260420_74_run1214,189110178283520.0,158231057924096.0,30879120359424.0,416886720.0,329408192.0,87478528.0
1214,76,v2.5_1203,run1214_iter0050,v2.5_cmaes_20260420_76_run1214,191993963610112.0,164897602142208.0,27096361467904.0,423639040.0,352494816.0,71144224.0
1214,73,v2.5_1428,run1214_iter0050,v2.5_cmaes_20260420_73_run1214,189600425312256.0,155489811824640.0,34110613487616.0,415298656.0,318003104.0,97295552.0
1229,74,v2.5_0111,run1229_iter0050,v2.5_cmaes_20260420_74_run1229,188009290924032.0,194603961548800.0,6594670624768.0,410700832.0,422802688.0,12101856.0
1229,76,v2.5_1203,run1229_iter0050,v2.5_cmaes_20260420_76_run1229,191464608890880.0,190056463597568.0,1408145293312.0,422502592.0,405757760.0,16744832.0
1229,73,v2.5_1428,run1229_iter0050,v2.5_cmaes_20260420_73_run1229,189621111619584.0,194213673172992.0,4592561553408.0,413355616.0,422645216.0,9289600.0
1244,74,v2.5_0111,run1244_iter0050,v2.5_cmaes_20260420_74_run1244,187767346692096.0,199216706093056.0,11449359400960.0,412249696.0,446002848.0,33753152.0
1244,76,v2.5_1203,run1244_iter0050,v2.5_cmaes_20260420_76_run1244,191344735682560.0,198462184357888.0,7117448675328.0,423193696.0,443932992.0,20739296.0
1244,73,v2.5_1428,run1244_iter0050,v2.5_cmaes_20260420_73_run1244,189211428782080.0,197295261876224.0,8083833094144.0,415562400.0,435391488.0,19829088.0
1259,74,v2.5_0111,run1259_iter0050,v2.5_cmaes_20260420_74_run1259,191019710676992.0,191174665043968.0,154954366976.0,420282720.0,403226944.0,17055776.0
1259,76,v2.5_1203,run1259_iter0050,v2.5_cmaes_20260420_76_run1259,193149897015296.0,189716624310272.0,3433272705024.0,427863424.0,392758336.0,35105088.0
1259,73,v2.5_1428,run1259_iter0050,v2.5_cmaes_20260420_73_run1259,190687974785024.0,190787883106304.0,99908321280.0,419493376.0,398221856.0,21271520.0
1274,74,v2.5_0111,run1274_iter0050,v2.5_cmaes_20260420_74_run1274,187890457903104.0,185879138140160.0,2011319762944.0,412140288.0,417718400.0,5578112.0
1274,76,v2.5_1203,run1274_iter0050,v2.5_cmaes_20260420_76_run1274,191891974914048.0,197716302888960.0,5824327974912.0,423787456.0,440240640.0,16453184.0
1274,73,v2.5_1428,run1274_iter0050,v2.5_cmaes_20260420_73_run1274,188928061603840.0,184205912834048.0,4722148769792.0,413875040.0,405386816.0,8488224.0
1289,74,v2.5_0111,run1289_iter0050,v2.5_cmaes_20260420_74_run1289,188550473580544.0,181774357364736.0,6776116215808.0,415412256.0,411712832.0,3699424.0
1289,76,v2.5_1203,run1289_iter0050,v2.5_cmaes_20260420_76_run1289,191201709916160.0,204236348456960.0,13034638540800.0,425200256.0,456555648.0,31355392.0
1289,73,v2.5_1428,run1289_iter0050,v2.5_cmaes_20260420_73_run1289,188275444678656.0,209806484832256.0,21531040153600.0,415207424.0,471282400.0,56074976.0
1304,74,v2.5_0111,run1304_iter0050,v2.5_cmaes_20260420_74_run1304,189522042159104.0,176306679447552.0,13215362711552.0,417202336.0,385319040.0,31883296.0
1304,76,v2.5_1203,run1304_iter0050,v2.5_cmaes_20260420_76_run1304,191369599516672.0,183751384498176.0,7618215018496.0,425473920.0,396194144.0,29279776.0
1304,73,v2.5_1428,run1304_iter0050,v2.5_cmaes_20260420_73_run1304,189959575175168.0,178156887605248.0,11802687569920.0,415970112.0,384348320.0,31621792.0
1319,74,v2.5_0111,run1319_iter0050,v2.5_cmaes_20260420_74_run1319,190137749209088.0,205732490248192.0,15594741039104.0,416774432.0,464179936.0,47405504.0
1319,76,v2.5_1203,run1319_iter0050,v2.5_cmaes_20260420_76_run1319,191086467219456.0,206037466480640.0,14950999261184.0,422583808.0,455868512.0,33284704.0
1319,73,v2.5_1428,run1319_iter0050,v2.5_cmaes_20260420_73_run1319,190410949394432.0,206380510216192.0,15969560821760.0,417465408.0,458914016.0,41448608.0
1334,74,v2.5_0111,run1334_iter0050,v2.5_cmaes_20260420_74_run1334,190076713697280.0,190291898269696.0,215184572416.0,418516224.0,404556704.0,13959520.0
1334,76,v2.5_1203,run1334_iter0050,v2.5_cmaes_20260420_76_run1334,191987454050304.0,187975317061632.0,4012136988672.0,425363200.0,404041216.0,21321984.0
1334,73,v2.5_1428,run1334_iter0050,v2.5_cmaes_20260420_73_run1334,190612192100352.0,191799767334912.0,1187575234560.0,417682720.0,407843424.0,9839296.0
1349,74,v2.5_0111,run1349_iter0050,v2.5_cmaes_20260420_74_run1349,189829853741056.0,189573866979328.0,255986761728.0,416447488.0,420496640.0,4049152.0
1349,76,v2.5_1203,run1349_iter0050,v2.5_cmaes_20260420_76_run1349,191070310760448.0,189506019917824.0,1564290842624.0,421039680.0,413149280.0,7890400.0
1349,73,v2.5_1428,run1349_iter0050,v2.5_cmaes_20260420_73_run1349,189441461190656.0,188256318652416.0,1185142538240.0,416040320.0,413846336.0,2193984.0
1364,74,v2.5_0111,run1364_iter0050,v2.5_cmaes_20260420_74_run1364,190326811656192.0,165991174635520.0,24335637020672.0,419677440.0,344460096.0,75217344.0
1364,76,v2.5_1203,run1364_iter0050,v2.5_cmaes_20260420_76_run1364,191974267158528.0,157985657585664.0,33988609572864.0,425601664.0,320128288.0,105473376.0
1364,73,v2.5_1428,run1364_iter0050,v2.5_cmaes_20260420_73_run1364,190089162391552.0,170520502861824.0,19568659529728.0,418480416.0,349361152.0,69119264.0
1379,74,v2.5_0111,run1379_iter0050,v2.5_cmaes_20260420_74_run1379,191082205806592.0,171970389868544.0,19111815938048.0,420976768.0,369067136.0,51909632.0
1379,76,v2.5_1203,run1379_iter0050,v2.5_cmaes_20260420_76_run1379,191427128590336.0,176784628776960.0,14642499813376.0,426172032.0,368560736.0,57611296.0
1379,73,v2.5_1428,run1379_iter0050,v2.5_cmaes_20260420_73_run1379,190783017713664.0,173870980005888.0,16912037707776.0,417635584.0,368496832.0,49138752.0
1394,74,v2.5_0111,run1394_iter0050,v2.5_cmaes_20260420_74_run1394,190313591209984.0,154095776169984.0,36217815040000.0,420427072.0,337331104.0,83095968.0
1394,76,v2.5_1203,run1394_iter0050,v2.5_cmaes_20260420_76_run1394,191630300676096.0,153932382863360.0,37697917812736.0,424089952.0,342303968.0,81785984.0
1394,73,v2.5_1428,run1394_iter0050,v2.5_cmaes_20260420_73_run1394,190749631053824.0,152382755307520.0,38366875746304.0,421756160.0,332501632.0,89254528.0
1409,74,v2.5_0111,run1409_iter0050,v2.5_cmaes_20260420_74_run1409,190870292791296.0,189588362493952.0,1281930297344.0,419543840.0,426590272.0,7046432.0
1409,76,v2.5_1203,run1409_iter0050,v2.5_cmaes_20260420_76_run1409,192280971444224.0,182983994638336.0,9296976805888.0,427077888.0,410568672.0,16509216.0
1409,73,v2.5_1428,run1409_iter0050,v2.5_cmaes_20260420_73_run1409,191097993166848.0,183613039575040.0,7484953591808.0,419601664.0,410836608.0,8765056.0
1424,74,v2.5_0111,run1424_iter0050,v2.5_cmaes_20260420_74_run1424,190053661802496.0,191058080169984.0,1004418367488.0,418847936.0,412512544.0,6335392.0
1424,76,v2.5_1203,run1424_iter0050,v2.5_cmaes_20260420_76_run1424,190997212430336.0,189606632882176.0,1390579548160.0,424412160.0,396942912.0,27469248.0
1424,73,v2.5_1428,run1424_iter0050,v2.5_cmaes_20260420_73_run1424,191726014693376.0,184210174246912.0,7515840446464.0,424415488.0,383148416.0,41267072.0
1439,74,v2.5_0111,run1439_iter0050,v2.5_cmaes_20260420_74_run1439,190757281464320.0,165199625584640.0,25557655879680.0,419907200.0,325072832.0,94834368.0
1439,76,v2.5_1203,run1439_iter0050,v2.5_cmaes_20260420_76_run1439,190765200310272.0,177176024449024.0,13589175861248.0,422907840.0,357770880.0,65136960.0
1439,73,v2.5_1428,run1439_iter0050,v2.5_cmaes_20260420_73_run1439,190489751977984.0,176433582309376.0,14056169668608.0,418251680.0,346643328.0,71608352.0
1454,74,v2.5_0111,run1454_iter0050,v2.5_cmaes_20260420_74_run1454,190782514397184.0,168411590033408.0,22370924363776.0,419639456.0,372847360.0,46792096.0
1454,76,v2.5_1203,run1454_iter0050,v2.5_cmaes_20260420_76_run1454,190546425413632.0,165296698556416.0,25249726857216.0,422667232.0,365177888.0,57489344.0
1454,73,v2.5_1428,run1454_iter0050,v2.5_cmaes_20260420_73_run1454,191400117272576.0,166014595629056.0,25385521643520.0,420220608.0,366277248.0,53943360.0
1469,74,v2.5_0111,run1469_iter0050,v2.5_cmaes_20260420_74_run1469,191147955716096.0,182607748792320.0,8540206923776.0,421036416.0,404027904.0,17008512.0
1469,76,v2.5_1203,run1469_iter0050,v2.5_cmaes_20260420_76_run1469,191478919856128.0,171709000843264.0,19769919012864.0,423970144.0,372422272.0,51547872.0
1469,73,v2.5_1428,run1469_iter0050,v2.5_cmaes_20260420_73_run1469,190475491344384.0,195319056826368.0,4843565481984.0,422074304.0,426739808.0,4665504.0
1484,74,v2.5_0111,run1484_iter0050,v2.5_cmaes_20260420_74_run1484,192088419336192.0,149158291832832.0,42930127503360.0,422306432.0,297237824.0,125068608.0
1484,76,v2.5_1203,run1484_iter0050,v2.5_cmaes_20260420_76_run1484,191216641638400.0,150821685690368.0,40394955948032.0,429432256.0,299090752.0,130341504.0
1484,73,v2.5_1428,run1484_iter0050,v2.5_cmaes_20260420_73_run1484,191254944022528.0,157934252195840.0,33320691826688.0,422933760.0,313914976.0,109018784.0
1499,74,v2.5_0111,run1499_iter0050,v2.5_cmaes_20260420_74_run1499,191598491074560.0,184876212944896.0,6722278129664.0,421994240.0,412475520.0,9518720.0
1499,76,v2.5_1203,run1499_iter0050,v2.5_cmaes_20260420_76_run1499,190826705584128.0,193513660612608.0,2686955028480.0,424918400.0,421093088.0,3825312.0
1499,73,v2.5_1428,run1499_iter0050,v2.5_cmaes_20260420_73_run1499,190439219003392.0,182841639960576.0,7597579042816.0,421323904.0,400280512.0,21043392.0
