run_id,iteration,geology_config_id,geology_name,snapshot_id,case_name,pred_total_energy,actual_total_energy,abs_err_total_energy,pred_discounted_revenue,actual_discounted_revenue,abs_err_discounted_revenue
0,0,74,v2.5_0111,run0000_iter0000,v2.5_gradient_patched_74_run0000_iter0000,184364491079680.0,190536040316928.0,6171549237248.0,434505984.0,449350336.0,14844352.0
0,0,76,v2.5_1203,run0000_iter0000,v2.5_gradient_patched_76_run0000_iter0000,184944026451968.0,189081657016320.0,4137630564352.0,439662624.0,442712832.0,3050208.0
0,0,73,v2.5_1428,run0000_iter0000,v2.5_gradient_patched_73_run0000_iter0000,175336956362752.0,185606273499136.0,10269317136384.0,423592384.0,433402016.0,9809632.0
1,0,74,v2.5_0111,run0001_iter0000,v2.5_gradient_patched_74_run0001_iter0000,165324246745088.0,163790926643200.0,1533320101888.0,410100608.0,361398528.0,48702080.0
1,0,76,v2.5_1203,run0001_iter0000,v2.5_gradient_patched_76_run0001_iter0000,176523239751680.0,172527091449856.0,3996148301824.0,448897184.0,375371872.0,73525312.0
1,0,73,v2.5_1428,run0001_iter0000,v2.5_gradient_patched_73_run0001_iter0000,173057939341312.0,172105362571264.0,952576770048.0,452015872.0,371351744.0,80664128.0
0,25,74,v2.5_0111,run0000_iter0025,v2.5_gradient_patched_74_run0000_iter0025,184575733006336.0,185444188815360.0,868455809024.0,450460096.0,436754592.0,13705504.0
0,25,76,v2.5_1203,run0000_iter0025,v2.5_gradient_patched_76_run0000_iter0025,187526895632384.0,184992764264448.0,2534131367936.0,457134752.0,435065568.0,22069184.0
0,25,73,v2.5_1428,run0000_iter0025,v2.5_gradient_patched_73_run0000_iter0025,176967332659200.0,183690265100288.0,6722932441088.0,457338048.0,429079456.0,28258592.0
1,25,74,v2.5_0111,run0001_iter0025,v2.5_gradient_patched_74_run0001_iter0025,166152990883840.0,173968422076416.0,7815431192576.0,447116576.0,377399008.0,69717568.0
1,25,76,v2.5_1203,run0001_iter0025,v2.5_gradient_patched_76_run0001_iter0025,178596182228992.0,174678853287936.0,3917328941056.0,469167552.0,378578688.0,90588864.0
1,25,73,v2.5_1428,run0001_iter0025,v2.5_gradient_patched_73_run0001_iter0025,172135611891712.0,175975463649280.0,3839851757568.0,462548288.0,376784384.0,85763904.0
0,50,74,v2.5_0111,run0000_iter0050,v2.5_gradient_patched_74_run0000_iter0050,183423926796288.0,189399283269632.0,5975356473344.0,459478560.0,453194592.0,6283968.0
0,50,76,v2.5_1203,run0000_iter0050,v2.5_gradient_patched_76_run0000_iter0050,187659955732480.0,183894007611392.0,3765948121088.0,461205696.0,433639712.0,27565984.0
0,50,73,v2.5_1428,run0000_iter0050,v2.5_gradient_patched_73_run0000_iter0050,176461801586688.0,186860068405248.0,10398266818560.0,463089248.0,446662784.0,16426464.0
1,50,74,v2.5_0111,run0001_iter0050,v2.5_gradient_patched_74_run0001_iter0050,165187680206848.0,163724841189376.0,1462839017472.0,448958560.0,373610880.0,75347680.0
1,50,76,v2.5_1203,run0001_iter0050,v2.5_gradient_patched_76_run0001_iter0050,178691225157632.0,174533914918912.0,4157310238720.0,471452256.0,390207072.0,81245184.0
1,50,73,v2.5_1428,run0001_iter0050,v2.5_gradient_patched_73_run0001_iter0050,172318315773952.0,168036199825408.0,4282115948544.0,467720448.0,371227680.0,96492768.0
0,75,74,v2.5_0111,run0000_iter0075,v2.5_gradient_patched_74_run0000_iter0075,182821708627968.0,199554867658752.0,16733159030784.0,462500800.0,488118880.0,25618080.0
0,75,76,v2.5_1203,run0000_iter0075,v2.5_gradient_patched_76_run0000_iter0075,187717266702336.0,189986938814464.0,2269672112128.0,460357696.0,447266752.0,13090944.0
0,75,73,v2.5_1428,run0000_iter0075,v2.5_gradient_patched_73_run0000_iter0075,176196134371328.0,193457356275712.0,17261221904384.0,466773568.0,463942272.0,2831296.0
1,75,74,v2.5_0111,run0001_iter0075,v2.5_gradient_patched_74_run0001_iter0075,164955349319680.0,172005856903168.0,7050507583488.0,449762560.0,412208384.0,37554176.0
1,75,76,v2.5_1203,run0001_iter0075,v2.5_gradient_patched_76_run0001_iter0075,178644081180672.0,177447580467200.0,1196500713472.0,473644512.0,411143872.0,62500640.0
1,75,73,v2.5_1428,run0001_iter0075,v2.5_gradient_patched_73_run0001_iter0075,173053308829696.0,173782715072512.0,729406242816.0,469971584.0,417293120.0,52678464.0
0,100,74,v2.5_0111,run0000_iter0100,v2.5_gradient_patched_74_run0000_iter0100,182017543110656.0,201180244344832.0,19162701234176.0,464706048.0,498005536.0,33299488.0
0,100,76,v2.5_1203,run0000_iter0100,v2.5_gradient_patched_76_run0000_iter0100,187699298304000.0,190534010273792.0,2834711969792.0,459143488.0,452455232.0,6688256.0
0,100,73,v2.5_1428,run0000_iter0100,v2.5_gradient_patched_73_run0000_iter0100,175775898664960.0,199975371800576.0,24199473135616.0,469472384.0,494716352.0,25243968.0
1,100,74,v2.5_0111,run0001_iter0100,v2.5_gradient_patched_74_run0001_iter0100,165434875707392.0,170600496627712.0,5165620920320.0,450265568.0,407937760.0,42327808.0
1,100,76,v2.5_1203,run0001_iter0100,v2.5_gradient_patched_76_run0001_iter0100,179291060961280.0,183026793316352.0,3735732355072.0,474501568.0,438066688.0,36434880.0
1,100,73,v2.5_1428,run0001_iter0100,v2.5_gradient_patched_73_run0001_iter0100,174114736177152.0,176775132872704.0,2660396695552.0,470789376.0,415657440.0,55131936.0
0,125,74,v2.5_0111,run0000_iter0125,v2.5_gradient_patched_74_run0000_iter0125,181847606689792.0,196830331666432.0,14982724976640.0,466157568.0,486010272.0,19852704.0
0,125,76,v2.5_1203,run0000_iter0125,v2.5_gradient_patched_76_run0000_iter0125,187900541009920.0,190760871788544.0,2860330778624.0,459402688.0,451718496.0,7684192.0
0,125,73,v2.5_1428,run0000_iter0125,v2.5_gradient_patched_73_run0000_iter0125,175501725401088.0,201648865542144.0,26147140141056.0,470416096.0,497816416.0,27400320.0
1,125,74,v2.5_0111,run0001_iter0125,v2.5_gradient_patched_74_run0001_iter0125,165948073967616.0,150557545201664.0,15390528765952.0,450942880.0,352739840.0,98203040.0
1,125,76,v2.5_1203,run0001_iter0125,v2.5_gradient_patched_76_run0001_iter0125,180193423523840.0,142785080459264.0,37408343064576.0,474977344.0,328605568.0,146371776.0
1,125,73,v2.5_1428,run0001_iter0125,v2.5_gradient_patched_73_run0001_iter0125,174773409677312.0,150121153036288.0,24652256641024.0,470697024.0,344537632.0,126159392.0
0,150,74,v2.5_0111,run0000_iter0150,v2.5_gradient_patched_74_run0000_iter0150,181568836468736.0,196606389387264.0,15037552918528.0,466841600.0,479521568.0,12679968.0
0,150,76,v2.5_1203,run0000_iter0150,v2.5_gradient_patched_76_run0000_iter0150,188132519575552.0,186547391430656.0,1585128144896.0,458886976.0,433521632.0,25365344.0
0,150,73,v2.5_1428,run0000_iter0150,v2.5_gradient_patched_73_run0000_iter0150,175196027748352.0,198885070864384.0,23689043116032.0,471002976.0,486802144.0,15799168.0
1,150,74,v2.5_0111,run0001_iter0150,v2.5_gradient_patched_74_run0001_iter0150,166762523918336.0,157389730873344.0,9372793044992.0,450396352.0,385570304.0,64826048.0
1,150,76,v2.5_1203,run0001_iter0150,v2.5_gradient_patched_76_run0001_iter0150,180727341645824.0,146107489320960.0,34619852324864.0,475129984.0,344733568.0,130396416.0
1,150,73,v2.5_1428,run0001_iter0150,v2.5_gradient_patched_73_run0001_iter0150,175227048820736.0,157746112495616.0,17480936325120.0,472735872.0,379155904.0,93579968.0
0,175,74,v2.5_0111,run0000_iter0175,v2.5_gradient_patched_74_run0000_iter0175,181609152118784.0,190230611099648.0,8621458980864.0,467500800.0,459208800.0,8292000.0
0,175,76,v2.5_1203,run0000_iter0175,v2.5_gradient_patched_76_run0000_iter0175,188093747429376.0,180820522303488.0,7273225125888.0,458741056.0,405336960.0,53404096.0
0,175,73,v2.5_1428,run0000_iter0175,v2.5_gradient_patched_73_run0000_iter0175,175147709366272.0,192743133413376.0,17595424047104.0,471096768.0,456950208.0,14146560.0
1,175,74,v2.5_0111,run0001_iter0175,v2.5_gradient_patched_74_run0001_iter0175,166993596514304.0,159244619874304.0,7748976640000.0,451507584.0,389396288.0,62111296.0
1,175,76,v2.5_1203,run0001_iter0175,v2.5_gradient_patched_76_run0001_iter0175,180893469638656.0,147970934702080.0,32922534936576.0,475757632.0,351574240.0,124183392.0
1,175,73,v2.5_1428,run0001_iter0175,v2.5_gradient_patched_73_run0001_iter0175,175303234158592.0,152364954681344.0,22938279477248.0,473055936.0,367655040.0,105400896.0
0,200,74,v2.5_0111,run0000_iter0200,v2.5_gradient_patched_74_run0000_iter0200,182159394471936.0,184893107601408.0,2733713129472.0,468382720.0,418202880.0,50179840.0
0,200,76,v2.5_1203,run0000_iter0200,v2.5_gradient_patched_76_run0000_iter0200,187987983859712.0,174927156084736.0,13060827774976.0,459052672.0,375225056.0,83827616.0
0,200,73,v2.5_1428,run0000_iter0200,v2.5_gradient_patched_73_run0000_iter0200,175603126894592.0,185094820069376.0,9491693174784.0,470428512.0,418020256.0,52408256.0
1,200,74,v2.5_0111,run0001_iter0200,v2.5_gradient_patched_74_run0001_iter0200,166994955468800.0,174530559475712.0,7535604006912.0,456057152.0,420952544.0,35104608.0
1,200,76,v2.5_1203,run0001_iter0200,v2.5_gradient_patched_76_run0001_iter0200,180776532443136.0,181268926955520.0,492394512384.0,476212160.0,440302912.0,35909248.0
1,200,73,v2.5_1428,run0001_iter0200,v2.5_gradient_patched_73_run0001_iter0200,175845893210112.0,171602834620416.0,4243058589696.0,473507936.0,405676000.0,67831936.0
2,0,74,v2.5_0111,run0002_iter0000,v2.5_gradient_patched_74_run0002_iter0000,181971204440064.0,174991328935936.0,6979875504128.0,423640256.0,397697216.0,25943040.0
2,0,76,v2.5_1203,run0002_iter0000,v2.5_gradient_patched_76_run0002_iter0000,186239630180352.0,173391352954880.0,12848277225472.0,412969952.0,392078688.0,20891264.0
2,0,73,v2.5_1428,run0002_iter0000,v2.5_gradient_patched_73_run0002_iter0000,181353970663424.0,170421030748160.0,10932939915264.0,410093504.0,382111264.0,27982240.0
3,0,74,v2.5_0111,run0003_iter0000,v2.5_gradient_patched_74_run0003_iter0000,174347419385856.0,170713692504064.0,3633726881792.0,410132608.0,378485184.0,31647424.0
3,0,76,v2.5_1203,run0003_iter0000,v2.5_gradient_patched_76_run0003_iter0000,181040807149568.0,171123392118784.0,9917415030784.0,418190176.0,384636160.0,33554016.0
3,0,73,v2.5_1428,run0003_iter0000,v2.5_gradient_patched_73_run0003_iter0000,176233480454144.0,171042660155392.0,5190820298752.0,395201312.0,384265440.0,10935872.0
2,25,74,v2.5_0111,run0002_iter0025,v2.5_gradient_patched_74_run0002_iter0025,185040780656640.0,199990169305088.0,14949388648448.0,449007776.0,491210208.0,42202432.0
2,25,76,v2.5_1203,run0002_iter0025,v2.5_gradient_patched_76_run0002_iter0025,191729823121408.0,196913697652736.0,5183874531328.0,449527360.0,478896992.0,29369632.0
2,25,73,v2.5_1428,run0002_iter0025,v2.5_gradient_patched_73_run0002_iter0025,183403274043392.0,196101328076800.0,12698054033408.0,452332448.0,476435488.0,24103040.0
3,25,74,v2.5_0111,run0003_iter0025,v2.5_gradient_patched_74_run0003_iter0025,179362347352064.0,174624377667584.0,4737969684480.0,448694144.0,390022976.0,58671168.0
3,25,76,v2.5_1203,run0003_iter0025,v2.5_gradient_patched_76_run0003_iter0025,186482128060416.0,173358033403904.0,13124094656512.0,462401344.0,375685824.0,86715520.0
3,25,73,v2.5_1428,run0003_iter0025,v2.5_gradient_patched_73_run0003_iter0025,177511182893056.0,175485820600320.0,2025362292736.0,420221056.0,390863968.0,29357088.0
2,50,74,v2.5_0111,run0002_iter0050,v2.5_gradient_patched_74_run0002_iter0050,183822368899072.0,179073275920384.0,4749092978688.0,452177696.0,452558720.0,381024.0
2,50,76,v2.5_1203,run0002_iter0050,v2.5_gradient_patched_76_run0002_iter0050,191851021729792.0,180219059109888.0,11631962619904.0,455713920.0,446972800.0,8741120.0
2,50,73,v2.5_1428,run0002_iter0050,v2.5_gradient_patched_73_run0002_iter0050,182300239200256.0,180800205094912.0,1500034105344.0,459486016.0,450981696.0,8504320.0
3,50,74,v2.5_0111,run0003_iter0050,v2.5_gradient_patched_74_run0003_iter0050,176427458625536.0,175814201049088.0,613257576448.0,455006528.0,419722080.0,35284448.0
3,50,76,v2.5_1203,run0003_iter0050,v2.5_gradient_patched_76_run0003_iter0050,184718624555008.0,180853791522816.0,3864833032192.0,465281088.0,407930944.0,57350144.0
3,50,73,v2.5_1428,run0003_iter0050,v2.5_gradient_patched_73_run0003_iter0050,173553722851328.0,181767881359360.0,8214158508032.0,428754944.0,432275232.0,3520288.0
2,75,74,v2.5_0111,run0002_iter0075,v2.5_gradient_patched_74_run0002_iter0075,182572919291904.0,196997516623872.0,14424597331968.0,459182400.0,484810496.0,25628096.0
2,75,76,v2.5_1203,run0002_iter0075,v2.5_gradient_patched_76_run0002_iter0075,190077938434048.0,194834933481472.0,4756995047424.0,457640416.0,477114752.0,19474336.0
2,75,73,v2.5_1428,run0002_iter0075,v2.5_gradient_patched_73_run0002_iter0075,180691186745344.0,195819873501184.0,15128686755840.0,463305856.0,481035168.0,17729312.0
3,75,74,v2.5_0111,run0003_iter0075,v2.5_gradient_patched_74_run0003_iter0075,174749921574912.0,174047627313152.0,702294261760.0,459776960.0,426019104.0,33757856.0
3,75,76,v2.5_1203,run0003_iter0075,v2.5_gradient_patched_76_run0003_iter0075,183802253017088.0,181304729534464.0,2497523482624.0,467189568.0,404602464.0,62587104.0
3,75,73,v2.5_1428,run0003_iter0075,v2.5_gradient_patched_73_run0003_iter0075,171141964496896.0,181791470125056.0,10649505628160.0,436687648.0,428825664.0,7861984.0
2,100,74,v2.5_0111,run0002_iter0100,v2.5_gradient_patched_74_run0002_iter0100,182499753852928.0,196603201716224.0,14103447863296.0,461730304.0,486302560.0,24572256.0
2,100,76,v2.5_1203,run0002_iter0100,v2.5_gradient_patched_76_run0002_iter0100,189737797156864.0,196933343772672.0,7195546615808.0,457974368.0,489075104.0,31100736.0
2,100,73,v2.5_1428,run0002_iter0100,v2.5_gradient_patched_73_run0002_iter0100,181278942953472.0,195055738421248.0,13776795467776.0,465576576.0,480889376.0,15312800.0
3,100,74,v2.5_0111,run0003_iter0100,v2.5_gradient_patched_74_run0003_iter0100,173271412637696.0,171991277502464.0,1280135135232.0,463820960.0,372232672.0,91588288.0
3,100,76,v2.5_1203,run0003_iter0100,v2.5_gradient_patched_76_run0003_iter0100,182826943119360.0,176306276794368.0,6520666324992.0,470661440.0,391834176.0,78827264.0
3,100,73,v2.5_1428,run0003_iter0100,v2.5_gradient_patched_73_run0003_iter0100,169463068491776.0,174985591128064.0,5522522636288.0,444458848.0,403420640.0,41038208.0
2,125,74,v2.5_0111,run0002_iter0125,v2.5_gradient_patched_74_run0002_iter0125,182331595816960.0,192774003490816.0,10442407673856.0,463944320.0,471556064.0,7611744.0
2,125,76,v2.5_1203,run0002_iter0125,v2.5_gradient_patched_76_run0002_iter0125,190005058207744.0,191564416548864.0,1559358341120.0,458662560.0,468020512.0,9357952.0
2,125,73,v2.5_1428,run0002_iter0125,v2.5_gradient_patched_73_run0002_iter0125,181541137285120.0,190183249018880.0,8642111733760.0,467647456.0,463350976.0,4296480.0
3,125,74,v2.5_0111,run0003_iter0125,v2.5_gradient_patched_74_run0003_iter0125,172473488244736.0,146543931817984.0,25929556426752.0,467255840.0,314306240.0,152949600.0
3,125,76,v2.5_1203,run0003_iter0125,v2.5_gradient_patched_76_run0003_iter0125,181827608248320.0,156154760003584.0,25672848244736.0,471585600.0,339284896.0,132300704.0
3,125,73,v2.5_1428,run0003_iter0125,v2.5_gradient_patched_73_run0003_iter0125,168976160129024.0,155325747429376.0,13650412699648.0,445750112.0,338927296.0,106822816.0
2,150,74,v2.5_0111,run0002_iter0150,v2.5_gradient_patched_74_run0002_iter0150,181972227850240.0,185272289460224.0,3300061609984.0,465529024.0,436922208.0,28606816.0
2,150,76,v2.5_1203,run0002_iter0150,v2.5_gradient_patched_76_run0002_iter0150,190581691121664.0,182900628652032.0,7681062469632.0,460229408.0,429330368.0,30899040.0
2,150,73,v2.5_1428,run0002_iter0150,v2.5_gradient_patched_73_run0002_iter0150,181992813494272.0,182997433188352.0,1004619694080.0,469408192.0,429786272.0,39621920.0
3,150,74,v2.5_0111,run0003_iter0150,v2.5_gradient_patched_74_run0003_iter0150,172032465567744.0,150330851459072.0,21701614108672.0,469051392.0,320350080.0,148701312.0
3,150,76,v2.5_1203,run0003_iter0150,v2.5_gradient_patched_76_run0003_iter0150,181769508749312.0,165239890903040.0,16529617846272.0,471595328.0,359938784.0,111656544.0
3,150,73,v2.5_1428,run0003_iter0150,v2.5_gradient_patched_73_run0003_iter0150,169015519477760.0,166585356517376.0,2430162960384.0,446313664.0,355774912.0,90538752.0
2,175,74,v2.5_0111,run0002_iter0175,v2.5_gradient_patched_74_run0002_iter0175,181665909440512.0,188668601958400.0,7002692517888.0,466654976.0,446509312.0,20145664.0
2,175,76,v2.5_1203,run0002_iter0175,v2.5_gradient_patched_76_run0002_iter0175,190237456203776.0,183960176951296.0,6277279252480.0,460845248.0,427864448.0,32980800.0
2,175,73,v2.5_1428,run0002_iter0175,v2.5_gradient_patched_73_run0002_iter0175,182111394856960.0,184164875763712.0,2053480906752.0,469179584.0,430501696.0,38677888.0
3,175,74,v2.5_0111,run0003_iter0175,v2.5_gradient_patched_74_run0003_iter0175,172314222133248.0,150273993474048.0,22040228659200.0,470173248.0,324283776.0,145889472.0
3,175,76,v2.5_1203,run0003_iter0175,v2.5_gradient_patched_76_run0003_iter0175,181757278158848.0,165171808960512.0,16585469198336.0,471755904.0,361473568.0,110282336.0
3,175,73,v2.5_1428,run0003_iter0175,v2.5_gradient_patched_73_run0003_iter0175,169235770769408.0,162628450123776.0,6607320645632.0,446607296.0,354828832.0,91778464.0
2,200,74,v2.5_0111,run0002_iter0200,v2.5_gradient_patched_74_run0002_iter0200,181555297255424.0,189081338249216.0,7526040993792.0,466876224.0,448479648.0,18396576.0
2,200,76,v2.5_1203,run0002_iter0200,v2.5_gradient_patched_76_run0002_iter0200,190282066821120.0,185405030793216.0,4877036027904.0,460790784.0,435477120.0,25313664.0
2,200,73,v2.5_1428,run0002_iter0200,v2.5_gradient_patched_73_run0002_iter0200,182023415136256.0,184632574214144.0,2609159077888.0,469253024.0,432430688.0,36822336.0
3,200,74,v2.5_0111,run0003_iter0200,v2.5_gradient_patched_74_run0003_iter0200,172380710240256.0,139506846007296.0,32873864232960.0,470876288.0,295474432.0,175401856.0
3,200,76,v2.5_1203,run0003_iter0200,v2.5_gradient_patched_76_run0003_iter0200,181821820108800.0,162431485607936.0,19390334500864.0,471731360.0,347155200.0,124576160.0
3,200,73,v2.5_1428,run0003_iter0200,v2.5_gradient_patched_73_run0003_iter0200,169213389963264.0,154403067658240.0,14810322305024.0,446530176.0,327352992.0,119177184.0
4,0,74,v2.5_0111,run0004_iter0000,v2.5_gradient_patched_74_run0004_iter0000,174950526746624.0,138999368777728.0,35951157968896.0,377417280.0,227448736.0,149968544.0
4,0,76,v2.5_1203,run0004_iter0000,v2.5_gradient_patched_76_run0004_iter0000,173693745496064.0,137939501711360.0,35754243784704.0,385971808.0,226008480.0,159963328.0
4,0,73,v2.5_1428,run0004_iter0000,v2.5_gradient_patched_73_run0004_iter0000,171619947380736.0,136770809233408.0,34849138147328.0,371373600.0,219255408.0,152118192.0
5,0,74,v2.5_0111,run0005_iter0000,v2.5_gradient_patched_74_run0005_iter0000,172791450042368.0,159777028046848.0,13014421995520.0,414034048.0,324939616.0,89094432.0
5,0,76,v2.5_1203,run0005_iter0000,v2.5_gradient_patched_76_run0005_iter0000,178415206400000.0,157867931860992.0,20547274539008.0,427969824.0,317502880.0,110466944.0
5,0,73,v2.5_1428,run0005_iter0000,v2.5_gradient_patched_73_run0005_iter0000,174976531431424.0,156674383937536.0,18302147493888.0,414411008.0,311810208.0,102600800.0
4,25,74,v2.5_0111,run0004_iter0025,v2.5_gradient_patched_74_run0004_iter0025,176442675560448.0,149256404992000.0,27186270568448.0,451527136.0,318616256.0,132910880.0
4,25,76,v2.5_1203,run0004_iter0025,v2.5_gradient_patched_76_run0004_iter0025,185881268846592.0,150801989238784.0,35079279607808.0,471678880.0,326096416.0,145582464.0
4,25,73,v2.5_1428,run0004_iter0025,v2.5_gradient_patched_73_run0004_iter0025,176085958393856.0,144087546068992.0,31998412324864.0,450591072.0,299330496.0,151260576.0
5,25,74,v2.5_0111,run0005_iter0025,v2.5_gradient_patched_74_run0005_iter0025,171286215000064.0,172876745408512.0,1590530408448.0,441249216.0,387332832.0,53916384.0
5,25,76,v2.5_1203,run0005_iter0025,v2.5_gradient_patched_76_run0005_iter0025,188728513396736.0,174899758891008.0,13828754505728.0,478667360.0,382253088.0,96414272.0
5,25,73,v2.5_1428,run0005_iter0025,v2.5_gradient_patched_73_run0005_iter0025,177566681923584.0,180103665418240.0,2536983494656.0,457971968.0,406886144.0,51085824.0
4,50,74,v2.5_0111,run0004_iter0050,v2.5_gradient_patched_74_run0004_iter0050,173630092738560.0,169047060643840.0,4583032094720.0,465745120.0,367181728.0,98563392.0
4,50,76,v2.5_1203,run0004_iter0050,v2.5_gradient_patched_76_run0004_iter0050,183917915144192.0,172453707907072.0,11464207237120.0,471584128.0,370290816.0,101293312.0
4,50,73,v2.5_1428,run0004_iter0050,v2.5_gradient_patched_73_run0004_iter0050,171717708218368.0,169263990046720.0,2453718171648.0,457637280.0,363053760.0,94583520.0
5,50,74,v2.5_0111,run0005_iter0050,v2.5_gradient_patched_74_run0005_iter0050,167751339474944.0,172589217480704.0,4837878005760.0,444380544.0,369240768.0,75139776.0
5,50,76,v2.5_1203,run0005_iter0050,v2.5_gradient_patched_76_run0005_iter0050,187661079805952.0,170159708831744.0,17501370974208.0,480731136.0,359663104.0,121068032.0
5,50,73,v2.5_1428,run0005_iter0050,v2.5_gradient_patched_73_run0005_iter0050,174827264540672.0,169490415353856.0,5336849186816.0,462230112.0,358280704.0,103949408.0
4,75,74,v2.5_0111,run0004_iter0075,v2.5_gradient_patched_74_run0004_iter0075,173260591333376.0,171261653155840.0,1998938177536.0,471428416.0,379793888.0,91634528.0
4,75,76,v2.5_1203,run0004_iter0075,v2.5_gradient_patched_76_run0004_iter0075,183544739528704.0,175522780807168.0,8021958721536.0,471402656.0,385882400.0,85520256.0
4,75,73,v2.5_1428,run0004_iter0075,v2.5_gradient_patched_73_run0004_iter0075,171084502532096.0,173054600675328.0,1970098143232.0,462509472.0,375150176.0,87359296.0
5,75,74,v2.5_0111,run0005_iter0075,v2.5_gradient_patched_74_run0005_iter0075,166434294464512.0,168410298187776.0,1976003723264.0,447022944.0,356572800.0,90450144.0
5,75,76,v2.5_1203,run0005_iter0075,v2.5_gradient_patched_76_run0005_iter0075,187245441056768.0,164541539287040.0,22703901769728.0,481031232.0,340478848.0,140552384.0
5,75,73,v2.5_1428,run0005_iter0075,v2.5_gradient_patched_73_run0005_iter0075,173587981926400.0,165129580707840.0,8458401218560.0,462437280.0,341504064.0,120933216.0
4,100,74,v2.5_0111,run0004_iter0100,v2.5_gradient_patched_74_run0004_iter0100,172944827351040.0,181151369003008.0,8206541651968.0,473732800.0,419162816.0,54569984.0
4,100,76,v2.5_1203,run0004_iter0100,v2.5_gradient_patched_76_run0004_iter0100,183247111716864.0,182844676636672.0,402435080192.0,470777920.0,416573280.0,54204640.0
4,100,73,v2.5_1428,run0004_iter0100,v2.5_gradient_patched_73_run0004_iter0100,170849319518208.0,185455211446272.0,14605891928064.0,465477536.0,429723584.0,35753952.0
5,100,74,v2.5_0111,run0005_iter0100,v2.5_gradient_patched_74_run0005_iter0100,165846840246272.0,171225162711040.0,5378322464768.0,448173248.0,373391616.0,74781632.0
5,100,76,v2.5_1203,run0005_iter0100,v2.5_gradient_patched_76_run0005_iter0100,186766485094400.0,169673253453824.0,17093231640576.0,481213056.0,366723456.0,114489600.0
5,100,73,v2.5_1428,run0005_iter0100,v2.5_gradient_patched_73_run0005_iter0100,173125551521792.0,167835275886592.0,5290275635200.0,462454016.0,360832544.0,101621472.0
4,125,74,v2.5_0111,run0004_iter0125,v2.5_gradient_patched_74_run0004_iter0125,172686374338560.0,178428762390528.0,5742388051968.0,475571648.0,421028576.0,54543072.0
4,125,76,v2.5_1203,run0004_iter0125,v2.5_gradient_patched_76_run0004_iter0125,183230602936320.0,186797405503488.0,3566802567168.0,470019584.0,432864032.0,37155552.0
4,125,73,v2.5_1428,run0004_iter0125,v2.5_gradient_patched_73_run0004_iter0125,170502903562240.0,190042790166528.0,19539886604288.0,467331040.0,450815712.0,16515328.0
5,125,74,v2.5_0111,run0005_iter0125,v2.5_gradient_patched_74_run0005_iter0125,165686181625856.0,170431751389184.0,4745569763328.0,448849888.0,373320800.0,75529088.0
5,125,76,v2.5_1203,run0005_iter0125,v2.5_gradient_patched_76_run0005_iter0125,186611815940096.0,170324511424512.0,16287304515584.0,480734976.0,372826304.0,107908672.0
5,125,73,v2.5_1428,run0005_iter0125,v2.5_gradient_patched_73_run0005_iter0125,173141791866880.0,168573154623488.0,4568637243392.0,463004672.0,366370720.0,96633952.0
4,150,74,v2.5_0111,run0004_iter0150,v2.5_gradient_patched_74_run0004_iter0150,172906424303616.0,174812366372864.0,1905942069248.0,475054720.0,422775456.0,52279264.0
4,150,76,v2.5_1203,run0004_iter0150,v2.5_gradient_patched_76_run0004_iter0150,183205403557888.0,192400760766464.0,9195357208576.0,470675712.0,458798240.0,11877472.0
4,150,73,v2.5_1428,run0004_iter0150,v2.5_gradient_patched_73_run0004_iter0150,170748035465216.0,194264155815936.0,23516120350720.0,469674944.0,468466368.0,1208576.0
5,150,74,v2.5_0111,run0005_iter0150,v2.5_gradient_patched_74_run0005_iter0150,165636235853824.0,172219967733760.0,6583731879936.0,449012512.0,382094944.0,66917568.0
5,150,76,v2.5_1203,run0005_iter0150,v2.5_gradient_patched_76_run0005_iter0150,186691205726208.0,172369553391616.0,14321652334592.0,480687712.0,383537184.0,97150528.0
5,150,73,v2.5_1428,run0005_iter0150,v2.5_gradient_patched_73_run0005_iter0150,173262235500544.0,168697624788992.0,4564610711552.0,462926912.0,367556672.0,95370240.0
4,175,74,v2.5_0111,run0004_iter0175,v2.5_gradient_patched_74_run0004_iter0175,172635908472832.0,192515131047936.0,19879222575104.0,476270208.0,468208256.0,8061952.0
4,175,76,v2.5_1203,run0004_iter0175,v2.5_gradient_patched_76_run0004_iter0175,183103683297280.0,193166925889536.0,10063242592256.0,470047840.0,461608480.0,8439360.0
4,175,73,v2.5_1428,run0004_iter0175,v2.5_gradient_patched_73_run0004_iter0175,170557127524352.0,195894230122496.0,25337102598144.0,470666144.0,474046848.0,3380704.0
5,175,74,v2.5_0111,run0005_iter0175,v2.5_gradient_patched_74_run0005_iter0175,165682205425664.0,172058252148736.0,6376046723072.0,449182528.0,382610880.0,66571648.0
5,175,76,v2.5_1203,run0005_iter0175,v2.5_gradient_patched_76_run0005_iter0175,186609081253888.0,172033136656384.0,14575944597504.0,480563904.0,383545120.0,97018784.0
5,175,73,v2.5_1428,run0005_iter0175,v2.5_gradient_patched_73_run0005_iter0175,173297031446528.0,168465193238528.0,4831838208000.0,462994816.0,367642880.0,95351936.0
4,200,74,v2.5_0111,run0004_iter0200,v2.5_gradient_patched_74_run0004_iter0200,172191563907072.0,174498280112128.0,2306716205056.0,476821312.0,424363264.0,52458048.0
4,200,76,v2.5_1203,run0004_iter0200,v2.5_gradient_patched_76_run0004_iter0200,182803018809344.0,193330755403776.0,10527736594432.0,469484288.0,461018880.0,8465408.0
4,200,73,v2.5_1428,run0004_iter0200,v2.5_gradient_patched_73_run0004_iter0200,170071712333824.0,192162826289152.0,22091113955328.0,471808096.0,468181440.0,3626656.0
5,200,74,v2.5_0111,run0005_iter0200,v2.5_gradient_patched_74_run0005_iter0200,165516480086016.0,172092360228864.0,6575880142848.0,448869856.0,382699872.0,66169984.0
5,200,76,v2.5_1203,run0005_iter0200,v2.5_gradient_patched_76_run0005_iter0200,186520665325568.0,171721583755264.0,14799081570304.0,480621696.0,382084640.0,98537056.0
5,200,73,v2.5_1428,run0005_iter0200,v2.5_gradient_patched_73_run0005_iter0200,173135349415936.0,168051735527424.0,5083613888512.0,463156000.0,366171488.0,96984512.0
6,0,74,v2.5_0111,run0006_iter0000,v2.5_gradient_patched_74_run0006_iter0000,166224562487296.0,153423949332480.0,12800613154816.0,380082272.0,293723488.0,86358784.0
6,0,76,v2.5_1203,run0006_iter0000,v2.5_gradient_patched_76_run0006_iter0000,168656721936384.0,152032715472896.0,16624006463488.0,384432480.0,290164320.0,94268160.0
6,0,73,v2.5_1428,run0006_iter0000,v2.5_gradient_patched_73_run0006_iter0000,170611619921920.0,148363571888128.0,22248048033792.0,374081536.0,272815232.0,101266304.0
7,0,74,v2.5_0111,run0007_iter0000,v2.5_gradient_patched_74_run0007_iter0000,190793050488832.0,167399923908608.0,23393126580224.0,452720704.0,353951264.0,98769440.0
7,0,76,v2.5_1203,run0007_iter0000,v2.5_gradient_patched_76_run0007_iter0000,187185009524736.0,164129675411456.0,23055334113280.0,447276128.0,342063808.0,105212320.0
7,0,73,v2.5_1428,run0007_iter0000,v2.5_gradient_patched_73_run0007_iter0000,185067372544000.0,162752735739904.0,22314636804096.0,459997120.0,332629280.0,127367840.0
6,25,74,v2.5_0111,run0006_iter0025,v2.5_gradient_patched_74_run0006_iter0025,180736770441216.0,156074397138944.0,24662373302272.0,448985984.0,295929152.0,153056832.0
6,25,76,v2.5_1203,run0006_iter0025,v2.5_gradient_patched_76_run0006_iter0025,189322091298816.0,145001233252352.0,44320858046464.0,448240704.0,241349840.0,206890864.0
6,25,73,v2.5_1428,run0006_iter0025,v2.5_gradient_patched_73_run0006_iter0025,183501957627904.0,151731111460864.0,31770846167040.0,453112512.0,275927808.0,177184704.0
7,25,74,v2.5_0111,run0007_iter0025,v2.5_gradient_patched_74_run0007_iter0025,191677494984704.0,177111230840832.0,14566264143872.0,475206688.0,377597728.0,97608960.0
7,25,76,v2.5_1203,run0007_iter0025,v2.5_gradient_patched_76_run0007_iter0025,190865058299904.0,175819737530368.0,15045320769536.0,471091456.0,373158016.0,97933440.0
7,25,73,v2.5_1428,run0007_iter0025,v2.5_gradient_patched_73_run0007_iter0025,185699923918848.0,179072571277312.0,6627352641536.0,483725504.0,385720736.0,98004768.0
6,50,74,v2.5_0111,run0006_iter0050,v2.5_gradient_patched_74_run0006_iter0050,179497051619328.0,162992415047680.0,16504636571648.0,457249856.0,342414688.0,114835168.0
6,50,76,v2.5_1203,run0006_iter0050,v2.5_gradient_patched_76_run0006_iter0050,188343509843968.0,158961605017600.0,29381904826368.0,447986176.0,320568320.0,127417856.0
6,50,73,v2.5_1428,run0006_iter0050,v2.5_gradient_patched_73_run0006_iter0050,182159025373184.0,161053086318592.0,21105939054592.0,460759008.0,335769440.0,124989568.0
7,50,74,v2.5_0111,run0007_iter0050,v2.5_gradient_patched_74_run0007_iter0050,191751918714880.0,172323718037504.0,19428200677376.0,478384416.0,362487200.0,115897216.0
7,50,76,v2.5_1203,run0007_iter0050,v2.5_gradient_patched_76_run0007_iter0050,191361512898560.0,173551206268928.0,17810306629632.0,472669088.0,366735552.0,105933536.0
7,50,73,v2.5_1428,run0007_iter0050,v2.5_gradient_patched_73_run0007_iter0050,186608678600704.0,176309699346432.0,10298979254272.0,487264256.0,376637664.0,110626592.0
6,75,74,v2.5_0111,run0006_iter0075,v2.5_gradient_patched_74_run0006_iter0075,179177865084928.0,159222054518784.0,19955810566144.0,460802976.0,323884544.0,136918432.0
6,75,76,v2.5_1203,run0006_iter0075,v2.5_gradient_patched_76_run0006_iter0075,188083077120000.0,159237976096768.0,28845101023232.0,448353344.0,322292128.0,126061216.0
6,75,73,v2.5_1428,run0006_iter0075,v2.5_gradient_patched_73_run0006_iter0075,182000380018688.0,155623777894400.0,26376602124288.0,463360896.0,308055200.0,155305696.0
7,75,74,v2.5_0111,run0007_iter0075,v2.5_gradient_patched_74_run0007_iter0075,191507256573952.0,173518557806592.0,17988698767360.0,480791936.0,372718304.0,108073632.0
7,75,76,v2.5_1203,run0007_iter0075,v2.5_gradient_patched_76_run0007_iter0075,191549434494976.0,175276189286400.0,16273245208576.0,473342112.0,379063232.0,94278880.0
7,75,73,v2.5_1428,run0007_iter0075,v2.5_gradient_patched_73_run0007_iter0075,187250692325376.0,177442748628992.0,9807943696384.0,488201984.0,384418208.0,103783776.0
6,100,74,v2.5_0111,run0006_iter0100,v2.5_gradient_patched_74_run0006_iter0100,178586468220928.0,164448778059776.0,14137690161152.0,464795392.0,339407200.0,125388192.0
6,100,76,v2.5_1203,run0006_iter0100,v2.5_gradient_patched_76_run0006_iter0100,187737550356480.0,164404804976640.0,23332745379840.0,447977536.0,343256896.0,104720640.0
6,100,73,v2.5_1428,run0006_iter0100,v2.5_gradient_patched_73_run0006_iter0100,182066549358592.0,161438324752384.0,20628224606208.0,464464512.0,329853440.0,134611072.0
7,100,74,v2.5_0111,run0007_iter0100,v2.5_gradient_patched_74_run0007_iter0100,191429510955008.0,172068536582144.0,19360974372864.0,481887968.0,372005056.0,109882912.0
7,100,76,v2.5_1203,run0007_iter0100,v2.5_gradient_patched_76_run0007_iter0100,191597685768192.0,176815314305024.0,14782371463168.0,473561408.0,388509120.0,85052288.0
7,100,73,v2.5_1428,run0007_iter0100,v2.5_gradient_patched_73_run0007_iter0100,187422642012160.0,176681499230208.0,10741142781952.0,488715456.0,384746720.0,103968736.0
6,125,74,v2.5_0111,run0006_iter0125,v2.5_gradient_patched_74_run0006_iter0125,177848354603008.0,170160447029248.0,7687907573760.0,465526560.0,369628256.0,95898304.0
6,125,76,v2.5_1203,run0006_iter0125,v2.5_gradient_patched_76_run0006_iter0125,187323354447872.0,165199323594752.0,22124030853120.0,448554944.0,357201728.0,91353216.0
6,125,73,v2.5_1428,run0006_iter0125,v2.5_gradient_patched_73_run0006_iter0125,181920755351552.0,166709205925888.0,15211549425664.0,465944480.0,358809280.0,107135200.0
7,125,74,v2.5_0111,run0007_iter0125,v2.5_gradient_patched_74_run0007_iter0125,191577016238080.0,172567071555584.0,19009944682496.0,482079584.0,375878304.0,106201280.0
7,125,76,v2.5_1203,run0007_iter0125,v2.5_gradient_patched_76_run0007_iter0125,191561010774016.0,177629932027904.0,13931078746112.0,473968448.0,394476832.0,79491616.0
7,125,73,v2.5_1428,run0007_iter0125,v2.5_gradient_patched_73_run0007_iter0125,187530989273088.0,174426809171968.0,13104180101120.0,488753728.0,386192672.0,102561056.0
6,150,74,v2.5_0111,run0006_iter0150,v2.5_gradient_patched_74_run0006_iter0150,176628281901056.0,171981882261504.0,4646399639552.0,467361216.0,388872896.0,78488320.0
6,150,76,v2.5_1203,run0006_iter0150,v2.5_gradient_patched_76_run0006_iter0150,186902531538944.0,167541674606592.0,19360856932352.0,448289600.0,366849568.0,81440032.0
6,150,73,v2.5_1428,run0006_iter0150,v2.5_gradient_patched_73_run0006_iter0150,181599438110720.0,169114538606592.0,12484899504128.0,466456512.0,371783296.0,94673216.0
7,150,74,v2.5_0111,run0007_iter0150,v2.5_gradient_patched_74_run0007_iter0150,191601779408896.0,176183635345408.0,15418144063488.0,482025728.0,394056960.0,87968768.0
7,150,76,v2.5_1203,run0007_iter0150,v2.5_gradient_patched_76_run0007_iter0150,191737859407872.0,177879174348800.0,13858685059072.0,474249056.0,395724160.0,78524896.0
7,150,73,v2.5_1428,run0007_iter0150,v2.5_gradient_patched_73_run0007_iter0150,187525637341184.0,174596242276352.0,12929395064832.0,488967040.0,386662656.0,102304384.0
6,175,74,v2.5_0111,run0006_iter0175,v2.5_gradient_patched_74_run0006_iter0175,176137397338112.0,175473640341504.0,663756996608.0,468286944.0,405049888.0,63237056.0
6,175,76,v2.5_1203,run0006_iter0175,v2.5_gradient_patched_76_run0006_iter0175,186722964996096.0,173817645236224.0,12905319759872.0,448193440.0,398171168.0,50022272.0
6,175,73,v2.5_1428,run0006_iter0175,v2.5_gradient_patched_73_run0006_iter0175,181385427943424.0,174065260167168.0,7320167776256.0,467584416.0,393484288.0,74100128.0
7,175,74,v2.5_0111,run0007_iter0175,v2.5_gradient_patched_74_run0007_iter0175,191761129406464.0,171728596631552.0,20032532774912.0,482392864.0,375910880.0,106481984.0
7,175,76,v2.5_1203,run0007_iter0175,v2.5_gradient_patched_76_run0007_iter0175,191677696311296.0,175317712896000.0,16359983415296.0,474506080.0,386565728.0,87940352.0
7,175,73,v2.5_1428,run0007_iter0175,v2.5_gradient_patched_73_run0007_iter0175,187773319380992.0,172235687985152.0,15537631395840.0,489279392.0,377708096.0,111571296.0
6,200,74,v2.5_0111,run0006_iter0200,v2.5_gradient_patched_74_run0006_iter0200,175851563909120.0,175434666868736.0,416897040384.0,469092672.0,403684416.0,65408256.0
6,200,76,v2.5_1203,run0006_iter0200,v2.5_gradient_patched_76_run0006_iter0200,186535999700992.0,174644879425536.0,11891120275456.0,448116416.0,402562816.0,45553600.0
6,200,73,v2.5_1428,run0006_iter0200,v2.5_gradient_patched_73_run0006_iter0200,181210726793216.0,174299621097472.0,6911105695744.0,468130208.0,396000192.0,72130016.0
7,200,74,v2.5_0111,run0007_iter0200,v2.5_gradient_patched_74_run0007_iter0200,191978797006848.0,177085662363648.0,14893134643200.0,482612032.0,389597184.0,93014848.0
7,200,76,v2.5_1203,run0007_iter0200,v2.5_gradient_patched_76_run0007_iter0200,191504706437120.0,176625882759168.0,14878823677952.0,475069888.0,391924576.0,83145312.0
7,200,73,v2.5_1428,run0007_iter0200,v2.5_gradient_patched_73_run0007_iter0200,187855611625472.0,173300823097344.0,14554788528128.0,489506944.0,381607328.0,107899616.0
8,0,74,v2.5_0111,run0008_iter0000,v2.5_gradient_patched_74_run0008_iter0000,172585258057728.0,150502834700288.0,22082423357440.0,397450752.0,274314048.0,123136704.0
8,0,76,v2.5_1203,run0008_iter0000,v2.5_gradient_patched_76_run0008_iter0000,177051520729088.0,146887982186496.0,30163538542592.0,398294432.0,257759776.0,140534656.0
8,0,73,v2.5_1428,run0008_iter0000,v2.5_gradient_patched_73_run0008_iter0000,173032924512256.0,147111488258048.0,25921436254208.0,394266016.0,260077264.0,134188752.0
9,0,74,v2.5_0111,run0009_iter0000,v2.5_gradient_patched_74_run0009_iter0000,173110116483072.0,162920205910016.0,10189910573056.0,437901952.0,341433952.0,96468000.0
9,0,76,v2.5_1203,run0009_iter0000,v2.5_gradient_patched_76_run0009_iter0000,179187008667648.0,166115258925056.0,13071749742592.0,424223936.0,359216064.0,65007872.0
9,0,73,v2.5_1428,run0009_iter0000,v2.5_gradient_patched_73_run0009_iter0000,176852274511872.0,163771582513152.0,13080691998720.0,410061504.0,350588576.0,59472928.0
8,25,74,v2.5_0111,run0008_iter0025,v2.5_gradient_patched_74_run0008_iter0025,175935600984064.0,180315897200640.0,4380296216576.0,461512992.0,420491712.0,41021280.0
8,25,76,v2.5_1203,run0008_iter0025,v2.5_gradient_patched_76_run0008_iter0025,188760172003328.0,177637397889024.0,11122774114304.0,450326784.0,405372416.0,44954368.0
8,25,73,v2.5_1428,run0008_iter0025,v2.5_gradient_patched_73_run0008_iter0025,175704746491904.0,177459123191808.0,1754376699904.0,455090496.0,409060480.0,46030016.0
9,25,74,v2.5_0111,run0009_iter0025,v2.5_gradient_patched_74_run0009_iter0025,176513022427136.0,177375773982720.0,862751555584.0,458568448.0,413488608.0,45079840.0
9,25,76,v2.5_1203,run0009_iter0025,v2.5_gradient_patched_76_run0009_iter0025,192104055701504.0,181113301499904.0,10990754201600.0,471175040.0,418644288.0,52530752.0
9,25,73,v2.5_1428,run0009_iter0025,v2.5_gradient_patched_73_run0009_iter0025,180815908569088.0,180787773177856.0,28135391232.0,457722080.0,418360512.0,39361568.0
8,50,74,v2.5_0111,run0008_iter0050,v2.5_gradient_patched_74_run0008_iter0050,172509458595840.0,174585588744192.0,2076130148352.0,471620288.0,373369824.0,98250464.0
8,50,76,v2.5_1203,run0008_iter0050,v2.5_gradient_patched_76_run0008_iter0050,188524837994496.0,172306806603776.0,16218031390720.0,451987936.0,363656832.0,88331104.0
8,50,73,v2.5_1428,run0008_iter0050,v2.5_gradient_patched_73_run0008_iter0050,172955698987008.0,172000588857344.0,955110129664.0,459674016.0,364819904.0,94854112.0
9,50,74,v2.5_0111,run0009_iter0050,v2.5_gradient_patched_74_run0009_iter0050,173699214868480.0,175836380528640.0,2137165660160.0,464384608.0,400013120.0,64371488.0
9,50,76,v2.5_1203,run0009_iter0050,v2.5_gradient_patched_76_run0009_iter0050,191538546081792.0,179907153887232.0,11631392194560.0,475258976.0,408808608.0,66450368.0
9,50,73,v2.5_1428,run0009_iter0050,v2.5_gradient_patched_73_run0009_iter0050,179466382868480.0,165605801984000.0,13860580884480.0,462544768.0,378298176.0,84246592.0
8,75,74,v2.5_0111,run0008_iter0075,v2.5_gradient_patched_74_run0008_iter0075,169942074785792.0,178457250103296.0,8515175317504.0,474398144.0,393223744.0,81174400.0
8,75,76,v2.5_1203,run0008_iter0075,v2.5_gradient_patched_76_run0008_iter0075,188263516078080.0,177012010385408.0,11251505692672.0,452538048.0,388287392.0,64250656.0
8,75,73,v2.5_1428,run0008_iter0075,v2.5_gradient_patched_73_run0008_iter0075,171909740232704.0,174577300799488.0,2667560566784.0,461302176.0,380634368.0,80667808.0
9,75,74,v2.5_0111,run0009_iter0075,v2.5_gradient_patched_74_run0009_iter0075,173590649503744.0,174761145532416.0,1170496028672.0,464915904.0,405424352.0,59491552.0
9,75,76,v2.5_1203,run0009_iter0075,v2.5_gradient_patched_76_run0009_iter0075,191563426693120.0,189786232979456.0,1777193713664.0,477084032.0,445443168.0,31640864.0
9,75,73,v2.5_1428,run0009_iter0075,v2.5_gradient_patched_73_run0009_iter0075,179583806603264.0,191195737227264.0,11611930624000.0,465831040.0,453090016.0,12741024.0
8,100,74,v2.5_0111,run0008_iter0100,v2.5_gradient_patched_74_run0008_iter0100,167970449915904.0,178485335162880.0,10514885246976.0,475778304.0,391135488.0,84642816.0
8,100,76,v2.5_1203,run0008_iter0100,v2.5_gradient_patched_76_run0008_iter0100,187874150449152.0,175977191702528.0,11896958746624.0,452381824.0,379990528.0,72391296.0
8,100,73,v2.5_1428,run0008_iter0100,v2.5_gradient_patched_73_run0008_iter0100,170891749097472.0,175837068394496.0,4945319297024.0,462564224.0,383776704.0,78787520.0
9,100,74,v2.5_0111,run0009_iter0100,v2.5_gradient_patched_74_run0009_iter0100,173712586309632.0,182845465165824.0,9132878856192.0,466231968.0,412070304.0,54161664.0
9,100,76,v2.5_1203,run0009_iter0100,v2.5_gradient_patched_76_run0009_iter0100,191549702930432.0,185202529796096.0,6347173134336.0,477506880.0,416043232.0,61463648.0
9,100,73,v2.5_1428,run0009_iter0100,v2.5_gradient_patched_73_run0009_iter0100,179714585001984.0,186684041854976.0,6969456852992.0,466220128.0,421680640.0,44539488.0
8,125,74,v2.5_0111,run0008_iter0125,v2.5_gradient_patched_74_run0008_iter0125,167671060496384.0,181679834529792.0,14008774033408.0,477242496.0,413783072.0,63459424.0
8,125,76,v2.5_1203,run0008_iter0125,v2.5_gradient_patched_76_run0008_iter0125,188089569902592.0,176075522965504.0,12014046937088.0,452280800.0,390699104.0,61581696.0
8,125,73,v2.5_1428,run0008_iter0125,v2.5_gradient_patched_73_run0008_iter0125,171164412411904.0,178397657432064.0,7233245020160.0,463573088.0,403986656.0,59586432.0
9,125,74,v2.5_0111,run0009_iter0125,v2.5_gradient_patched_74_run0009_iter0125,173782832513024.0,187432691564544.0,13649859051520.0,467481728.0,430030688.0,37451040.0
9,125,76,v2.5_1203,run0009_iter0125,v2.5_gradient_patched_76_run0009_iter0125,191827063865344.0,185109147811840.0,6717916053504.0,477363264.0,422148608.0,55214656.0
9,125,73,v2.5_1428,run0009_iter0125,v2.5_gradient_patched_73_run0009_iter0125,179856721575936.0,186354889654272.0,6498168078336.0,466071040.0,424626816.0,41444224.0
8,150,74,v2.5_0111,run0008_iter0150,v2.5_gradient_patched_74_run0008_iter0150,166959773646848.0,179575082450944.0,12615308804096.0,478435744.0,403153472.0,75282272.0
8,150,76,v2.5_1203,run0008_iter0150,v2.5_gradient_patched_76_run0008_iter0150,188562737725440.0,174214124404736.0,14348613320704.0,452954016.0,382375264.0,70578752.0
8,150,73,v2.5_1428,run0008_iter0150,v2.5_gradient_patched_73_run0008_iter0150,171512556421120.0,176961326415872.0,5448769994752.0,463738176.0,393493792.0,70244384.0
9,150,74,v2.5_0111,run0009_iter0150,v2.5_gradient_patched_74_run0009_iter0150,174115373711360.0,186601950937088.0,12486577225728.0,468696192.0,426478240.0,42217952.0
9,150,76,v2.5_1203,run0009_iter0150,v2.5_gradient_patched_76_run0009_iter0150,192123299168256.0,184705773207552.0,7417525960704.0,477345152.0,419537216.0,57807936.0
9,150,73,v2.5_1428,run0009_iter0150,v2.5_gradient_patched_73_run0009_iter0150,179940137893888.0,184342680698880.0,4402542804992.0,465706272.0,416099552.0,49606720.0
8,175,74,v2.5_0111,run0008_iter0175,v2.5_gradient_patched_74_run0008_iter0175,166153527754752.0,183545024741376.0,17391496986624.0,480466048.0,417447936.0,63018112.0
8,175,76,v2.5_1203,run0008_iter0175,v2.5_gradient_patched_76_run0008_iter0175,188993626963968.0,176916514471936.0,12077112492032.0,452697312.0,395407104.0,57290208.0
8,175,73,v2.5_1428,run0008_iter0175,v2.5_gradient_patched_73_run0008_iter0175,171968980582400.0,180676540235776.0,8707559653376.0,464100576.0,408769056.0,55331520.0
9,175,74,v2.5_0111,run0009_iter0175,v2.5_gradient_patched_74_run0009_iter0175,174667293786112.0,182529080426496.0,7861786640384.0,469133504.0,405939712.0,63193792.0
9,175,76,v2.5_1203,run0009_iter0175,v2.5_gradient_patched_76_run0009_iter0175,192544709279744.0,183175607222272.0,9369102057472.0,477917344.0,411588032.0,66329312.0
9,175,73,v2.5_1428,run0009_iter0175,v2.5_gradient_patched_73_run0009_iter0175,180057007980544.0,180332607307776.0,275599327232.0,466286432.0,399233344.0,67053088.0
8,200,74,v2.5_0111,run0008_iter0200,v2.5_gradient_patched_74_run0008_iter0200,165402931888128.0,183281320460288.0,17878388572160.0,481705824.0,416375360.0,65330464.0
8,200,76,v2.5_1203,run0008_iter0200,v2.5_gradient_patched_76_run0008_iter0200,189033506406400.0,175332678172672.0,13700828233728.0,452461536.0,391213056.0,61248480.0
8,200,73,v2.5_1428,run0008_iter0200,v2.5_gradient_patched_73_run0008_iter0200,172021661040640.0,180827266744320.0,8805605703680.0,464414240.0,409021184.0,55393056.0
9,200,74,v2.5_0111,run0009_iter0200,v2.5_gradient_patched_74_run0009_iter0200,174437211045888.0,184753605050368.0,10316394004480.0,469833856.0,421152832.0,48681024.0
9,200,76,v2.5_1203,run0009_iter0200,v2.5_gradient_patched_76_run0009_iter0200,192632621891584.0,181762831417344.0,10869790474240.0,479718912.0,408627968.0,71090944.0
9,200,73,v2.5_1428,run0009_iter0200,v2.5_gradient_patched_73_run0009_iter0200,179721916645376.0,181583600418816.0,1861683773440.0,467102432.0,407620288.0,59482144.0
10,0,74,v2.5_0111,run0010_iter0000,v2.5_gradient_patched_74_run0010_iter0000,170791421345792.0,155506941362176.0,15284479983616.0,389368416.0,319325056.0,70043360.0
10,0,76,v2.5_1203,run0010_iter0000,v2.5_gradient_patched_76_run0010_iter0000,167325718282240.0,155384299913216.0,11941418369024.0,393863872.0,324628320.0,69235552.0
10,0,73,v2.5_1428,run0010_iter0000,v2.5_gradient_patched_73_run0010_iter0000,170289161830400.0,152326669074432.0,17962492755968.0,385160608.0,307795520.0,77365088.0
11,0,74,v2.5_0111,run0011_iter0000,v2.5_gradient_patched_74_run0011_iter0000,159315235176448.0,156122044432384.0,3193190744064.0,365791872.0,352879712.0,12912160.0
11,0,76,v2.5_1203,run0011_iter0000,v2.5_gradient_patched_76_run0011_iter0000,171540758921216.0,173727417368576.0,2186658447360.0,392477312.0,393781632.0,1304320.0
11,0,73,v2.5_1428,run0011_iter0000,v2.5_gradient_patched_73_run0011_iter0000,173340987752448.0,156650124083200.0,16690863669248.0,389036640.0,348428224.0,40608416.0
10,25,74,v2.5_0111,run0010_iter0025,v2.5_gradient_patched_74_run0010_iter0025,179478378577920.0,161673876865024.0,17804501712896.0,446408832.0,378123424.0,68285408.0
10,25,76,v2.5_1203,run0010_iter0025,v2.5_gradient_patched_76_run0010_iter0025,180248268242944.0,162950371344384.0,17297896898560.0,472610688.0,387955808.0,84654880.0
10,25,73,v2.5_1428,run0010_iter0025,v2.5_gradient_patched_73_run0010_iter0025,174696049934336.0,153612089032704.0,21083960901632.0,464772224.0,361180992.0,103591232.0
11,25,74,v2.5_0111,run0011_iter0025,v2.5_gradient_patched_74_run0011_iter0025,164314946207744.0,181897720233984.0,17582774026240.0,419558400.0,444491840.0,24933440.0
11,25,76,v2.5_1203,run0011_iter0025,v2.5_gradient_patched_76_run0011_iter0025,190053645025280.0,195802643300352.0,5748998275072.0,433880672.0,477925888.0,44045216.0
11,25,73,v2.5_1428,run0011_iter0025,v2.5_gradient_patched_73_run0011_iter0025,182773088256000.0,190075237302272.0,7302149046272.0,435955424.0,468030112.0,32074688.0
10,50,74,v2.5_0111,run0010_iter0050,v2.5_gradient_patched_74_run0010_iter0050,176513693515776.0,190039334060032.0,13525640544256.0,469273216.0,441934560.0,27338656.0
10,50,76,v2.5_1203,run0010_iter0050,v2.5_gradient_patched_76_run0010_iter0050,178032820092928.0,188457796239360.0,10424976146432.0,479228736.0,436272768.0,42955968.0
10,50,73,v2.5_1428,run0010_iter0050,v2.5_gradient_patched_73_run0010_iter0050,170083171172352.0,187440677519360.0,17357506347008.0,471800000.0,428506432.0,43293568.0
11,50,74,v2.5_0111,run0011_iter0050,v2.5_gradient_patched_74_run0011_iter0050,160144063201280.0,176214656417792.0,16070593216512.0,425965632.0,389468448.0,36497184.0
11,50,76,v2.5_1203,run0011_iter0050,v2.5_gradient_patched_76_run0011_iter0050,192590511079424.0,175963182727168.0,16627328352256.0,442924256.0,388455392.0,54468864.0
11,50,73,v2.5_1428,run0011_iter0050,v2.5_gradient_patched_73_run0011_iter0050,182985622028288.0,177806763884544.0,5178858143744.0,444873088.0,396759776.0,48113312.0
10,75,74,v2.5_0111,run0010_iter0075,v2.5_gradient_patched_74_run0010_iter0075,174146092793856.0,176145047748608.0,1998954954752.0,476985280.0,405654592.0,71330688.0
10,75,76,v2.5_1203,run0010_iter0075,v2.5_gradient_patched_76_run0010_iter0075,176641502347264.0,172344823775232.0,4296678572032.0,480745856.0,398847712.0,81898144.0
10,75,73,v2.5_1428,run0010_iter0075,v2.5_gradient_patched_73_run0010_iter0075,168920526880768.0,168443030536192.0,477496344576.0,475502624.0,378677344.0,96825280.0
11,75,74,v2.5_0111,run0011_iter0075,v2.5_gradient_patched_74_run0011_iter0075,156463645327360.0,183525210849280.0,27061565521920.0,429525120.0,426876736.0,2648384.0
11,75,76,v2.5_1203,run0011_iter0075,v2.5_gradient_patched_76_run0011_iter0075,193835246288896.0,179439958753280.0,14395287535616.0,443881280.0,407368896.0,36512384.0
11,75,73,v2.5_1428,run0011_iter0075,v2.5_gradient_patched_73_run0011_iter0075,182985840132096.0,182014623875072.0,971216257024.0,448460192.0,421648640.0,26811552.0
10,100,74,v2.5_0111,run0010_iter0100,v2.5_gradient_patched_74_run0010_iter0100,171778743730176.0,163958296150016.0,7820447580160.0,481680096.0,373795968.0,107884128.0
10,100,76,v2.5_1203,run0010_iter0100,v2.5_gradient_patched_76_run0010_iter0100,175293620813824.0,167544275075072.0,7749345738752.0,482205632.0,380405376.0,101800256.0
10,100,73,v2.5_1428,run0010_iter0100,v2.5_gradient_patched_73_run0010_iter0100,168407261511680.0,170791538786304.0,2384277274624.0,478776064.0,387521216.0,91254848.0
11,100,74,v2.5_0111,run0011_iter0100,v2.5_gradient_patched_74_run0011_iter0100,155391514116096.0,184860241035264.0,29468726919168.0,429971488.0,435941664.0,5970176.0
11,100,76,v2.5_1203,run0011_iter0100,v2.5_gradient_patched_76_run0011_iter0100,193524398030848.0,180939439210496.0,12584958820352.0,445745408.0,417677184.0,28068224.0
11,100,73,v2.5_1428,run0011_iter0100,v2.5_gradient_patched_73_run0011_iter0100,183507712212992.0,182961563500544.0,546148712448.0,449126048.0,427091872.0,22034176.0
10,125,74,v2.5_0111,run0010_iter0125,v2.5_gradient_patched_74_run0010_iter0125,169812336574464.0,144902683885568.0,24909652688896.0,485995296.0,309031808.0,176963488.0
10,125,76,v2.5_1203,run0010_iter0125,v2.5_gradient_patched_76_run0010_iter0125,173779426738176.0,153884232253440.0,19895194484736.0,483612736.0,320539168.0,163073568.0
10,125,73,v2.5_1428,run0010_iter0125,v2.5_gradient_patched_73_run0010_iter0125,167486578229248.0,157100609110016.0,10385969119232.0,481270336.0,331168800.0,150101536.0
11,125,74,v2.5_0111,run0011_iter0125,v2.5_gradient_patched_74_run0011_iter0125,155305983868928.0,186379585716224.0,31073601847296.0,430394560.0,437673120.0,7278560.0
11,125,76,v2.5_1203,run0011_iter0125,v2.5_gradient_patched_76_run0011_iter0125,193173619998720.0,183837887823872.0,9335732174848.0,445914944.0,429541760.0,16373184.0
11,125,73,v2.5_1428,run0011_iter0125,v2.5_gradient_patched_73_run0011_iter0125,183482378616832.0,184661749792768.0,1179371175936.0,449828800.0,432985184.0,16843616.0
10,150,74,v2.5_0111,run0010_iter0150,v2.5_gradient_patched_74_run0010_iter0150,167111926218752.0,141022919131136.0,26089007087616.0,489156224.0,289482240.0,199673984.0
10,150,76,v2.5_1203,run0010_iter0150,v2.5_gradient_patched_76_run0010_iter0150,171516985606144.0,150121354362880.0,21395631243264.0,483381440.0,300045600.0,183335840.0
10,150,73,v2.5_1428,run0010_iter0150,v2.5_gradient_patched_73_run0010_iter0150,166087157088256.0,138906339115008.0,27180817973248.0,482786816.0,275683584.0,207103232.0
11,150,74,v2.5_0111,run0011_iter0150,v2.5_gradient_patched_74_run0011_iter0150,155163377532928.0,185418234462208.0,30254856929280.0,430743104.0,434658816.0,3915712.0
11,150,76,v2.5_1203,run0011_iter0150,v2.5_gradient_patched_76_run0011_iter0150,192838193119232.0,186066287984640.0,6771905134592.0,445941120.0,433803136.0,12137984.0
11,150,73,v2.5_1428,run0011_iter0150,v2.5_gradient_patched_73_run0011_iter0150,183445904949248.0,184956911353856.0,1511006404608.0,450284288.0,429461920.0,20822368.0
10,175,74,v2.5_0111,run0010_iter0175,v2.5_gradient_patched_74_run0010_iter0175,164705301692416.0,139756465815552.0,24948835876864.0,490203968.0,291153728.0,199050240.0
10,175,76,v2.5_1203,run0010_iter0175,v2.5_gradient_patched_76_run0010_iter0175,169195622891520.0,149861810831360.0,19333812060160.0,483265632.0,297387680.0,185877952.0
10,175,73,v2.5_1428,run0010_iter0175,v2.5_gradient_patched_73_run0010_iter0175,165450193305600.0,145341139648512.0,20109053657088.0,484308512.0,296602176.0,187706336.0
11,175,74,v2.5_0111,run0011_iter0175,v2.5_gradient_patched_74_run0011_iter0175,155076924538880.0,178174990221312.0,23098065682432.0,430802464.0,399479104.0,31323360.0
11,175,76,v2.5_1203,run0011_iter0175,v2.5_gradient_patched_76_run0011_iter0175,192217436127232.0,175360125698048.0,16857310429184.0,446422400.0,378680864.0,67741536.0
11,175,73,v2.5_1428,run0011_iter0175,v2.5_gradient_patched_73_run0011_iter0175,183350744580096.0,174715511504896.0,8635233075200.0,450762624.0,388356928.0,62405696.0
10,200,74,v2.5_0111,run0010_iter0200,v2.5_gradient_patched_74_run0010_iter0200,164614469844992.0,137080793464832.0,27533676380160.0,490378432.0,280747616.0,209630816.0
10,200,76,v2.5_1203,run0010_iter0200,v2.5_gradient_patched_76_run0010_iter0200,168819142164480.0,138771433521152.0,30047708643328.0,483554112.0,269813440.0,213740672.0
10,200,73,v2.5_1428,run0010_iter0200,v2.5_gradient_patched_73_run0010_iter0200,165526982623232.0,136050445910016.0,29476536713216.0,484601472.0,271695168.0,212906304.0
11,200,74,v2.5_0111,run0011_iter0200,v2.5_gradient_patched_74_run0011_iter0200,154879137939456.0,164880489381888.0,10001351442432.0,430980160.0,374279136.0,56701024.0
11,200,76,v2.5_1203,run0011_iter0200,v2.5_gradient_patched_76_run0011_iter0200,192154253131776.0,155289340870656.0,36864912261120.0,446615936.0,350445472.0,96170464.0
11,200,73,v2.5_1428,run0011_iter0200,v2.5_gradient_patched_73_run0011_iter0200,183048771469312.0,156886666051584.0,26162105417728.0,452171360.0,346980160.0,105191200.0
12,0,74,v2.5_0111,run0012_iter0000,v2.5_gradient_patched_74_run0012_iter0000,163407533703168.0,152868506042368.0,10539027660800.0,396449280.0,342512000.0,53937280.0
12,0,76,v2.5_1203,run0012_iter0000,v2.5_gradient_patched_76_run0012_iter0000,171159043702784.0,167420325003264.0,3738718699520.0,396837856.0,366196608.0,30641248.0
12,0,73,v2.5_1428,run0012_iter0000,v2.5_gradient_patched_73_run0012_iter0000,165171909623808.0,157634980216832.0,7536929406976.0,395755072.0,349962208.0,45792864.0
13,0,74,v2.5_0111,run0013_iter0000,v2.5_gradient_patched_74_run0013_iter0000,173471766151168.0,154192094167040.0,19279671984128.0,411722048.0,341919616.0,69802432.0
13,0,76,v2.5_1203,run0013_iter0000,v2.5_gradient_patched_76_run0013_iter0000,180016004464640.0,174023199686656.0,5992804777984.0,410342304.0,400141216.0,10201088.0
13,0,73,v2.5_1428,run0013_iter0000,v2.5_gradient_patched_73_run0013_iter0000,174121178628096.0,158044579168256.0,16076599459840.0,402054080.0,353699712.0,48354368.0
12,25,74,v2.5_0111,run0012_iter0025,v2.5_gradient_patched_74_run0012_iter0025,163619782262784.0,180878084931584.0,17258302668800.0,449622336.0,419075264.0,30547072.0
12,25,76,v2.5_1203,run0012_iter0025,v2.5_gradient_patched_76_run0012_iter0025,171871219744768.0,182322267684864.0,10451047940096.0,458228224.0,426227008.0,32001216.0
12,25,73,v2.5_1428,run0012_iter0025,v2.5_gradient_patched_73_run0012_iter0025,169624968626176.0,177005769261056.0,7380800634880.0,439464768.0,404296096.0,35168672.0
13,25,74,v2.5_0111,run0013_iter0025,v2.5_gradient_patched_74_run0013_iter0025,172662936567808.0,170040322162688.0,2622614405120.0,438682656.0,361387872.0,77294784.0
13,25,76,v2.5_1203,run0013_iter0025,v2.5_gradient_patched_76_run0013_iter0025,187959680696320.0,176096226050048.0,11863454646272.0,435370752.0,383919712.0,51451040.0
13,25,73,v2.5_1428,run0013_iter0025,v2.5_gradient_patched_73_run0013_iter0025,177217699053568.0,173542851215360.0,3674847838208.0,439550400.0,370205824.0,69344576.0
12,50,74,v2.5_0111,run0012_iter0050,v2.5_gradient_patched_74_run0012_iter0050,165313358331904.0,184932886380544.0,19619528048640.0,458274560.0,444936640.0,13337920.0
12,50,76,v2.5_1203,run0012_iter0050,v2.5_gradient_patched_76_run0012_iter0050,170099059195904.0,187061982199808.0,16962923003904.0,473952416.0,442196800.0,31755616.0
12,50,73,v2.5_1428,run0012_iter0050,v2.5_gradient_patched_73_run0012_iter0050,170917502124032.0,172480098467840.0,1562596343808.0,448526624.0,411128416.0,37398208.0
13,50,74,v2.5_0111,run0013_iter0050,v2.5_gradient_patched_74_run0013_iter0050,171842631368704.0,168644256464896.0,3198374903808.0,439249568.0,388603936.0,50645632.0
13,50,76,v2.5_1203,run0013_iter0050,v2.5_gradient_patched_76_run0013_iter0050,188956280881152.0,175712950550528.0,13243330330624.0,438623136.0,389724512.0,48898624.0
13,50,73,v2.5_1428,run0013_iter0050,v2.5_gradient_patched_73_run0013_iter0050,177219041230848.0,173646769291264.0,3572271939584.0,445815328.0,397932960.0,47882368.0
12,75,74,v2.5_0111,run0012_iter0075,v2.5_gradient_patched_74_run0012_iter0075,164008023818240.0,199408821993472.0,35400798175232.0,457910784.0,490339168.0,32428384.0
12,75,76,v2.5_1203,run0012_iter0075,v2.5_gradient_patched_76_run0012_iter0075,169082494124032.0,197376916586496.0,28294422462464.0,478272768.0,484293216.0,6020448.0
12,75,73,v2.5_1428,run0012_iter0075,v2.5_gradient_patched_73_run0012_iter0075,170906915700736.0,187869335388160.0,16962419687424.0,452899584.0,461935104.0,9035520.0
13,75,74,v2.5_0111,run0013_iter0075,v2.5_gradient_patched_74_run0013_iter0075,171784062107648.0,160960996179968.0,10823065927680.0,439635520.0,376778016.0,62857504.0
13,75,76,v2.5_1203,run0013_iter0075,v2.5_gradient_patched_76_run0013_iter0075,189566602444800.0,166149216010240.0,23417386434560.0,442275200.0,375431424.0,66843776.0
13,75,73,v2.5_1428,run0013_iter0075,v2.5_gradient_patched_73_run0013_iter0075,177511115784192.0,162240594444288.0,15270521339904.0,448919712.0,370479552.0,78440160.0
12,100,74,v2.5_0111,run0012_iter0100,v2.5_gradient_patched_74_run0012_iter0100,162705759535104.0,202099317014528.0,39393557479424.0,457814144.0,501143840.0,43329696.0
12,100,76,v2.5_1203,run0012_iter0100,v2.5_gradient_patched_76_run0012_iter0100,168146090590208.0,199120690085888.0,30974599495680.0,479583552.0,491028480.0,11444928.0
12,100,73,v2.5_1428,run0012_iter0100,v2.5_gradient_patched_73_run0012_iter0100,170134928883712.0,195924714323968.0,25789785440256.0,454964864.0,486921664.0,31956800.0
13,100,74,v2.5_0111,run0013_iter0100,v2.5_gradient_patched_74_run0013_iter0100,171161593839616.0,134100220379136.0,37061373460480.0,440964544.0,284859456.0,156105088.0
13,100,76,v2.5_1203,run0013_iter0100,v2.5_gradient_patched_76_run0013_iter0100,189473019133952.0,140231118422016.0,49241900711936.0,444179648.0,289677952.0,154501696.0
13,100,73,v2.5_1428,run0013_iter0100,v2.5_gradient_patched_73_run0013_iter0100,176854220668928.0,133592743149568.0,43261477519360.0,453090752.0,276338752.0,176752000.0
12,125,74,v2.5_0111,run0012_iter0125,v2.5_gradient_patched_74_run0012_iter0125,161044261502976.0,199262256234496.0,38217994731520.0,459873600.0,489680384.0,29806784.0
12,125,76,v2.5_1203,run0012_iter0125,v2.5_gradient_patched_76_run0012_iter0125,167322346061824.0,197135341453312.0,29812995391488.0,479608960.0,482700704.0,3091744.0
12,125,73,v2.5_1428,run0012_iter0125,v2.5_gradient_patched_73_run0012_iter0125,169289541746688.0,193217106542592.0,23927564795904.0,456195456.0,476083840.0,19888384.0
13,125,74,v2.5_0111,run0013_iter0125,v2.5_gradient_patched_74_run0013_iter0125,170307214114816.0,120712010399744.0,49595203715072.0,442231456.0,242220304.0,200011152.0
13,125,76,v2.5_1203,run0013_iter0125,v2.5_gradient_patched_76_run0013_iter0125,188612213735424.0,126582400221184.0,62029813514240.0,444943232.0,247778816.0,197164416.0
13,125,73,v2.5_1428,run0013_iter0125,v2.5_gradient_patched_73_run0013_iter0125,175169821736960.0,121891817783296.0,53278003953664.0,454537952.0,238241840.0,216296112.0
12,150,74,v2.5_0111,run0012_iter0150,v2.5_gradient_patched_74_run0012_iter0150,161411648978944.0,192726003875840.0,31314354896896.0,460696544.0,461347104.0,650560.0
12,150,76,v2.5_1203,run0012_iter0150,v2.5_gradient_patched_76_run0012_iter0150,167781421023232.0,195661446250496.0,27880025227264.0,479758880.0,468692320.0,11066560.0
12,150,73,v2.5_1428,run0012_iter0150,v2.5_gradient_patched_73_run0012_iter0150,169262429765632.0,191648604618752.0,22386174853120.0,457426144.0,460118176.0,2692032.0
13,150,74,v2.5_0111,run0013_iter0150,v2.5_gradient_patched_74_run0013_iter0150,170562143911936.0,124524599181312.0,46037544730624.0,443925664.0,252245216.0,191680448.0
13,150,76,v2.5_1203,run0013_iter0150,v2.5_gradient_patched_76_run0013_iter0150,188303361966080.0,126365856694272.0,61937505271808.0,444640416.0,241727056.0,202913360.0
13,150,73,v2.5_1428,run0013_iter0150,v2.5_gradient_patched_73_run0013_iter0150,174548108443648.0,124303836184576.0,50244272259072.0,454626496.0,241502832.0,213123664.0
12,175,74,v2.5_0111,run0012_iter0175,v2.5_gradient_patched_74_run0012_iter0175,161018139377664.0,193634339127296.0,32616199749632.0,462108992.0,456536512.0,5572480.0
12,175,76,v2.5_1203,run0012_iter0175,v2.5_gradient_patched_76_run0012_iter0175,167614873600000.0,193241299288064.0,25626425688064.0,479750816.0,448281920.0,31468896.0
12,175,73,v2.5_1428,run0012_iter0175,v2.5_gradient_patched_73_run0012_iter0175,169016609996800.0,191022529249280.0,22005919252480.0,458189504.0,442913824.0,15275680.0
13,175,74,v2.5_0111,run0013_iter0175,v2.5_gradient_patched_74_run0013_iter0175,170628632018944.0,127086966603776.0,43541665415168.0,444171072.0,253054496.0,191116576.0
13,175,76,v2.5_1203,run0013_iter0175,v2.5_gradient_patched_76_run0013_iter0175,188121027182592.0,125628481273856.0,62492545908736.0,444656832.0,237336800.0,207320032.0
13,175,73,v2.5_1428,run0013_iter0175,v2.5_gradient_patched_73_run0013_iter0175,174236236775424.0,125231926607872.0,49004310167552.0,454715616.0,242981376.0,211734240.0
12,200,74,v2.5_0111,run0012_iter0200,v2.5_gradient_patched_74_run0012_iter0200,158671006859264.0,191117555400704.0,32446548541440.0,466017536.0,443767776.0,22249760.0
12,200,76,v2.5_1203,run0012_iter0200,v2.5_gradient_patched_76_run0012_iter0200,166605841498112.0,192040772042752.0,25434930544640.0,479274528.0,440060640.0,39213888.0
12,200,73,v2.5_1428,run0012_iter0200,v2.5_gradient_patched_73_run0012_iter0200,168484654809088.0,191522909716480.0,23038254907392.0,459129760.0,448069664.0,11060096.0
13,200,74,v2.5_0111,run0013_iter0200,v2.5_gradient_patched_74_run0013_iter0200,170749293756416.0,127062312484864.0,43686981271552.0,444009664.0,252905936.0,191103728.0
13,200,76,v2.5_1203,run0013_iter0200,v2.5_gradient_patched_76_run0013_iter0200,188000650657792.0,125905011736576.0,62095638921216.0,444736192.0,240074720.0,204661472.0
13,200,73,v2.5_1428,run0013_iter0200,v2.5_gradient_patched_73_run0013_iter0200,174144331186176.0,125728867745792.0,48415463440384.0,455058528.0,245180352.0,209878176.0
14,0,74,v2.5_0111,run0014_iter0000,v2.5_gradient_patched_74_run0014_iter0000,177430853582848.0,185233131438080.0,7802277855232.0,417114592.0,443418464.0,26303872.0
14,0,76,v2.5_1203,run0014_iter0000,v2.5_gradient_patched_76_run0014_iter0000,182208518160384.0,183093851848704.0,885333688320.0,435009728.0,434547072.0,462656.0
14,0,73,v2.5_1428,run0014_iter0000,v2.5_gradient_patched_73_run0014_iter0000,179413819850752.0,181340884434944.0,1927064584192.0,432322208.0,430399680.0,1922528.0
15,0,74,v2.5_0111,run0015_iter0000,v2.5_gradient_patched_74_run0015_iter0000,174154196189184.0,172090011418624.0,2064184770560.0,421984256.0,396703808.0,25280448.0
15,0,76,v2.5_1203,run0015_iter0000,v2.5_gradient_patched_76_run0015_iter0000,169464695881728.0,173833617145856.0,4368921264128.0,384056032.0,391536992.0,7480960.0
15,0,73,v2.5_1428,run0015_iter0000,v2.5_gradient_patched_73_run0015_iter0000,162603334631424.0,172301337231360.0,9698002599936.0,430310336.0,387949088.0,42361248.0
14,25,74,v2.5_0111,run0014_iter0025,v2.5_gradient_patched_74_run0014_iter0025,178428007415808.0,193674319233024.0,15246311817216.0,434983424.0,464734848.0,29751424.0
14,25,76,v2.5_1203,run0014_iter0025,v2.5_gradient_patched_76_run0014_iter0025,187747885121536.0,190638884651008.0,2890999529472.0,452930240.0,454083584.0,1153344.0
14,25,73,v2.5_1428,run0014_iter0025,v2.5_gradient_patched_73_run0014_iter0025,176149929918464.0,191470682243072.0,15320752324608.0,473934144.0,454799104.0,19135040.0
15,25,74,v2.5_0111,run0015_iter0025,v2.5_gradient_patched_74_run0015_iter0025,168988910813184.0,184499329564672.0,15510418751488.0,431922144.0,415580448.0,16341696.0
15,25,76,v2.5_1203,run0015_iter0025,v2.5_gradient_patched_76_run0015_iter0025,169029545230336.0,192751505244160.0,23721960013824.0,451920704.0,455714624.0,3793920.0
15,25,73,v2.5_1428,run0015_iter0025,v2.5_gradient_patched_73_run0015_iter0025,155658573840384.0,185846976217088.0,30188402376704.0,471163808.0,424757792.0,46406016.0
14,50,74,v2.5_0111,run0014_iter0050,v2.5_gradient_patched_74_run0014_iter0050,174917861507072.0,181321573859328.0,6403712352256.0,442073408.0,451310432.0,9237024.0
14,50,76,v2.5_1203,run0014_iter0050,v2.5_gradient_patched_76_run0014_iter0050,186995963854848.0,190121877962752.0,3125914107904.0,457386400.0,456028352.0,1358048.0
14,50,73,v2.5_1428,run0014_iter0050,v2.5_gradient_patched_73_run0014_iter0050,174521852100608.0,190377495625728.0,15855643525120.0,474007136.0,461752192.0,12254944.0
15,50,74,v2.5_0111,run0015_iter0050,v2.5_gradient_patched_74_run0015_iter0050,168228030513152.0,188150085320704.0,19922054807552.0,438630720.0,425917280.0,12713440.0
15,50,76,v2.5_1203,run0015_iter0050,v2.5_gradient_patched_76_run0015_iter0050,170264012783616.0,191848370929664.0,21584358146048.0,462002240.0,445821888.0,16180352.0
15,50,73,v2.5_1428,run0015_iter0050,v2.5_gradient_patched_73_run0015_iter0050,156251866529792.0,189338734297088.0,33086867767296.0,475021152.0,432662208.0,42358944.0
14,75,74,v2.5_0111,run0014_iter0075,v2.5_gradient_patched_74_run0014_iter0075,173085386866688.0,182114867740672.0,9029480873984.0,444228064.0,458016608.0,13788544.0
14,75,76,v2.5_1203,run0014_iter0075,v2.5_gradient_patched_76_run0014_iter0075,186414297776128.0,190933106688000.0,4518808911872.0,458614560.0,459506944.0,892384.0
14,75,73,v2.5_1428,run0014_iter0075,v2.5_gradient_patched_73_run0014_iter0075,173451163729920.0,189721170935808.0,16270007205888.0,473651328.0,463564608.0,10086720.0
15,75,74,v2.5_0111,run0015_iter0075,v2.5_gradient_patched_74_run0015_iter0075,166421325676544.0,186662667681792.0,20241342005248.0,442938656.0,448204640.0,5265984.0
15,75,76,v2.5_1203,run0015_iter0075,v2.5_gradient_patched_76_run0015_iter0075,170773587165184.0,197474660646912.0,26701073481728.0,466030368.0,472314240.0,6283872.0
15,75,73,v2.5_1428,run0015_iter0075,v2.5_gradient_patched_73_run0015_iter0075,155795928907776.0,191092305690624.0,35296376782848.0,476439488.0,452023744.0,24415744.0
14,100,74,v2.5_0111,run0014_iter0100,v2.5_gradient_patched_74_run0014_iter0100,173214168776704.0,171211808047104.0,2002360729600.0,445335872.0,427644896.0,17690976.0
14,100,76,v2.5_1203,run0014_iter0100,v2.5_gradient_patched_76_run0014_iter0100,186519893573632.0,189092646092800.0,2572752519168.0,458459808.0,455361728.0,3098080.0
14,100,73,v2.5_1428,run0014_iter0100,v2.5_gradient_patched_73_run0014_iter0100,174059589468160.0,180646441910272.0,6586852442112.0,474470720.0,444629888.0,29840832.0
15,100,74,v2.5_0111,run0015_iter0100,v2.5_gradient_patched_74_run0015_iter0100,165969750130688.0,170360045568000.0,4390295437312.0,444358816.0,415844320.0,28514496.0
15,100,76,v2.5_1203,run0015_iter0100,v2.5_gradient_patched_76_run0015_iter0100,171225380814848.0,195261628416000.0,24036247601152.0,469302528.0,472668032.0,3365504.0
15,100,73,v2.5_1428,run0015_iter0100,v2.5_gradient_patched_73_run0015_iter0100,155390406819840.0,176754865995776.0,21364459175936.0,476536896.0,424885088.0,51651808.0
14,125,74,v2.5_0111,run0014_iter0125,v2.5_gradient_patched_74_run0014_iter0125,173499951874048.0,166564787650560.0,6935164223488.0,445567008.0,412121952.0,33445056.0
14,125,76,v2.5_1203,run0014_iter0125,v2.5_gradient_patched_76_run0014_iter0125,186416814358528.0,185930962960384.0,485851398144.0,458581120.0,444077376.0,14503744.0
14,125,73,v2.5_1428,run0014_iter0125,v2.5_gradient_patched_73_run0014_iter0125,174355120128000.0,174320089300992.0,35030827008.0,474369472.0,421340128.0,53029344.0
15,125,74,v2.5_0111,run0015_iter0125,v2.5_gradient_patched_74_run0015_iter0125,165915844935680.0,170733590282240.0,4817745346560.0,445566880.0,408051776.0,37515104.0
15,125,76,v2.5_1203,run0015_iter0125,v2.5_gradient_patched_76_run0015_iter0125,170904248123392.0,191633136025600.0,20728887902208.0,472922368.0,453905120.0,19017248.0
15,125,73,v2.5_1428,run0015_iter0125,v2.5_gradient_patched_73_run0015_iter0125,155870520410112.0,174762756145152.0,18892235735040.0,475902624.0,418472288.0,57430336.0
14,150,74,v2.5_0111,run0014_iter0150,v2.5_gradient_patched_74_run0014_iter0150,173563000651776.0,169893672517632.0,3669328134144.0,445602688.0,418019680.0,27583008.0
14,150,76,v2.5_1203,run0014_iter0150,v2.5_gradient_patched_76_run0014_iter0150,185722187284480.0,185043850887168.0,678336397312.0,458577440.0,443657184.0,14920256.0
14,150,73,v2.5_1428,run0014_iter0150,v2.5_gradient_patched_73_run0014_iter0150,173740822364160.0,172976938942464.0,763883421696.0,475605888.0,418652448.0,56953440.0
15,150,74,v2.5_0111,run0015_iter0150,v2.5_gradient_patched_74_run0015_iter0150,166495464194048.0,170651935571968.0,4156471377920.0,445499040.0,417544544.0,27954496.0
15,150,76,v2.5_1203,run0015_iter0150,v2.5_gradient_patched_76_run0015_iter0150,171793021140992.0,194995290112000.0,23202268971008.0,474104352.0,472998432.0,1105920.0
15,150,73,v2.5_1428,run0015_iter0150,v2.5_gradient_patched_73_run0015_iter0150,156261966413824.0,177278868783104.0,21016902369280.0,476484000.0,434134496.0,42349504.0
14,175,74,v2.5_0111,run0014_iter0175,v2.5_gradient_patched_74_run0014_iter0175,173307903082496.0,162045357981696.0,11262545100800.0,446275840.0,406868768.0,39407072.0
14,175,76,v2.5_1203,run0014_iter0175,v2.5_gradient_patched_76_run0014_iter0175,185326748303360.0,185206254338048.0,120493965312.0,458612128.0,448157728.0,10454400.0
14,175,73,v2.5_1428,run0014_iter0175,v2.5_gradient_patched_73_run0014_iter0175,173227775098880.0,173119176179712.0,108598919168.0,475767040.0,426449472.0,49317568.0
15,175,74,v2.5_0111,run0015_iter0175,v2.5_gradient_patched_74_run0015_iter0175,166872532123648.0,175705149145088.0,8832617021440.0,445003264.0,432776384.0,12226880.0
15,175,76,v2.5_1203,run0015_iter0175,v2.5_gradient_patched_76_run0015_iter0175,172830155079680.0,195623865286656.0,22793710206976.0,474693184.0,476143392.0,1450208.0
15,175,73,v2.5_1428,run0015_iter0175,v2.5_gradient_patched_73_run0015_iter0175,156831888441344.0,178508101844992.0,21676213403648.0,476981568.0,436176896.0,40804672.0
14,200,74,v2.5_0111,run0014_iter0200,v2.5_gradient_patched_74_run0014_iter0200,173233781342208.0,173390665089024.0,156883746816.0,447817760.0,449908608.0,2090848.0
14,200,76,v2.5_1203,run0014_iter0200,v2.5_gradient_patched_76_run0014_iter0200,184812409192448.0,190105906053120.0,5293496860672.0,459143744.0,470221280.0,11077536.0
14,200,73,v2.5_1428,run0014_iter0200,v2.5_gradient_patched_73_run0014_iter0200,173591622582272.0,190331224064000.0,16739601481728.0,475741216.0,480092576.0,4351360.0
15,200,74,v2.5_0111,run0015_iter0200,v2.5_gradient_patched_74_run0015_iter0200,166974420156416.0,178180107272192.0,11205687115776.0,444850304.0,442179904.0,2670400.0
15,200,76,v2.5_1203,run0015_iter0200,v2.5_gradient_patched_76_run0015_iter0200,173354711515136.0,197135073017856.0,23780361502720.0,475085504.0,484467200.0,9381696.0
15,200,73,v2.5_1428,run0015_iter0200,v2.5_gradient_patched_73_run0015_iter0200,157233082007552.0,179163302461440.0,21930220453888.0,477249600.0,440575808.0,36673792.0
16,0,74,v2.5_0111,run0016_iter0000,v2.5_gradient_patched_74_run0016_iter0000,165564798468096.0,162730271047680.0,2834527420416.0,382060064.0,350428480.0,31631584.0
16,0,76,v2.5_1203,run0016_iter0000,v2.5_gradient_patched_76_run0016_iter0000,172230537379840.0,160065763934208.0,12164773445632.0,390428320.0,339985248.0,50443072.0
16,0,73,v2.5_1428,run0016_iter0000,v2.5_gradient_patched_73_run0016_iter0000,169779855884288.0,155942092013568.0,13837763870720.0,389093664.0,335044608.0,54049056.0
17,0,74,v2.5_0111,run0017_iter0000,v2.5_gradient_patched_74_run0017_iter0000,173936729915392.0,155929341329408.0,18007388585984.0,400306208.0,322637984.0,77668224.0
17,0,76,v2.5_1203,run0017_iter0000,v2.5_gradient_patched_76_run0017_iter0000,171046233702400.0,156898829533184.0,14147404169216.0,387553824.0,328961696.0,58592128.0
17,0,73,v2.5_1428,run0017_iter0000,v2.5_gradient_patched_73_run0017_iter0000,171676889251840.0,153503691440128.0,18173197811712.0,378330848.0,310573344.0,67757504.0
16,25,74,v2.5_0111,run0016_iter0025,v2.5_gradient_patched_74_run0016_iter0025,167575463919616.0,192257533673472.0,24682069753856.0,438636064.0,474335936.0,35699872.0
16,25,76,v2.5_1203,run0016_iter0025,v2.5_gradient_patched_76_run0016_iter0025,188407615586304.0,192152642519040.0,3745026932736.0,451321184.0,469659744.0,18338560.0
16,25,73,v2.5_1428,run0016_iter0025,v2.5_gradient_patched_73_run0016_iter0025,178468054630400.0,188954217283584.0,10486162653184.0,438078912.0,459625664.0,21546752.0
17,25,74,v2.5_0111,run0017_iter0025,v2.5_gradient_patched_74_run0017_iter0025,180232262778880.0,184714681909248.0,4482419130368.0,445303840.0,435303072.0,10000768.0
17,25,76,v2.5_1203,run0017_iter0025,v2.5_gradient_patched_76_run0017_iter0025,189188259446784.0,181581033504768.0,7607225942016.0,458454368.0,420077952.0,38376416.0
17,25,73,v2.5_1428,run0017_iter0025,v2.5_gradient_patched_73_run0017_iter0025,182314617274368.0,181447503642624.0,867113631744.0,457893696.0,420515616.0,37378080.0
16,50,74,v2.5_0111,run0016_iter0050,v2.5_gradient_patched_74_run0016_iter0050,165424490610688.0,181452637470720.0,16028146860032.0,445979840.0,422212832.0,23767008.0
16,50,76,v2.5_1203,run0016_iter0050,v2.5_gradient_patched_76_run0016_iter0050,189113282068480.0,180423187496960.0,8690094571520.0,464997184.0,417593984.0,47403200.0
16,50,73,v2.5_1428,run0016_iter0050,v2.5_gradient_patched_73_run0016_iter0050,179673682149376.0,180839849656320.0,1166167506944.0,455207424.0,414685824.0,40521600.0
17,50,74,v2.5_0111,run0017_iter0050,v2.5_gradient_patched_74_run0017_iter0050,178156283625472.0,176353001340928.0,1803282284544.0,450619968.0,397019840.0,53600128.0
17,50,76,v2.5_1203,run0017_iter0050,v2.5_gradient_patched_76_run0017_iter0050,189970899795968.0,184928641744896.0,5042258051072.0,470916864.0,415348448.0,55568416.0
17,50,73,v2.5_1428,run0017_iter0050,v2.5_gradient_patched_73_run0017_iter0050,180816009232384.0,186911339577344.0,6095330344960.0,470537504.0,423133760.0,47403744.0
16,75,74,v2.5_0111,run0016_iter0075,v2.5_gradient_patched_74_run0016_iter0075,160733362913280.0,153137159602176.0,7596203311104.0,454706240.0,363829280.0,90876960.0
16,75,76,v2.5_1203,run0016_iter0075,v2.5_gradient_patched_76_run0016_iter0075,187488794574848.0,182267372634112.0,5221421940736.0,471884768.0,425917856.0,45966912.0
16,75,73,v2.5_1428,run0016_iter0075,v2.5_gradient_patched_73_run0016_iter0075,179724919767040.0,171175284047872.0,8549635719168.0,466215552.0,399847232.0,66368320.0
17,75,74,v2.5_0111,run0017_iter0075,v2.5_gradient_patched_74_run0017_iter0075,173793888698368.0,168137349660672.0,5656539037696.0,453129664.0,406106048.0,47023616.0
17,75,76,v2.5_1203,run0017_iter0075,v2.5_gradient_patched_76_run0017_iter0075,188563140378624.0,166324437254144.0,22238703124480.0,477018880.0,398503456.0,78515424.0
17,75,73,v2.5_1428,run0017_iter0075,v2.5_gradient_patched_73_run0017_iter0075,179141055873024.0,167964175237120.0,11176880635904.0,473923200.0,404347584.0,69575616.0
16,100,74,v2.5_0111,run0016_iter0100,v2.5_gradient_patched_74_run0016_iter0100,160266838867968.0,146561799553024.0,13705039314944.0,457906592.0,358633504.0,99273088.0
16,100,76,v2.5_1203,run0016_iter0100,v2.5_gradient_patched_76_run0016_iter0100,186380877561856.0,169213574512640.0,17167303049216.0,474003456.0,404848320.0,69155136.0
16,100,73,v2.5_1428,run0016_iter0100,v2.5_gradient_patched_73_run0016_iter0100,179305657139200.0,158062144913408.0,21243512225792.0,469503328.0,383571360.0,85931968.0
17,100,74,v2.5_0111,run0017_iter0100,v2.5_gradient_patched_74_run0017_iter0100,172585039953920.0,190266329792512.0,17681289838592.0,455726080.0,437875232.0,17850848.0
17,100,76,v2.5_1203,run0017_iter0100,v2.5_gradient_patched_76_run0017_iter0100,188748092407808.0,189610290315264.0,862197907456.0,478792512.0,435850528.0,42941984.0
17,100,73,v2.5_1428,run0017_iter0100,v2.5_gradient_patched_73_run0017_iter0100,178889464741888.0,190721428553728.0,11831963811840.0,476103296.0,440759360.0,35343936.0
16,125,74,v2.5_0111,run0016_iter0125,v2.5_gradient_patched_74_run0016_iter0125,158993246846976.0,119710460936192.0,39282785910784.0,458731520.0,278210496.0,180521024.0
16,125,76,v2.5_1203,run0016_iter0125,v2.5_gradient_patched_76_run0016_iter0125,185728478740480.0,118709179908096.0,67019298832384.0,474743808.0,269893088.0,204850720.0
16,125,73,v2.5_1428,run0016_iter0125,v2.5_gradient_patched_73_run0016_iter0125,178849887289344.0,121581741277184.0,57268146012160.0,472050816.0,275823168.0,196227648.0
17,125,74,v2.5_0111,run0017_iter0125,v2.5_gradient_patched_74_run0017_iter0125,171346126438400.0,165871049768960.0,5475076669440.0,457644672.0,369645696.0,87998976.0
17,125,76,v2.5_1203,run0017_iter0125,v2.5_gradient_patched_76_run0017_iter0125,188653418577920.0,180021322842112.0,8632095735808.0,480858400.0,397965088.0,82893312.0
17,125,73,v2.5_1428,run0017_iter0125,v2.5_gradient_patched_73_run0017_iter0125,178671142830080.0,180642750922752.0,1971608092672.0,477613504.0,405977312.0,71636192.0
16,150,74,v2.5_0111,run0016_iter0150,v2.5_gradient_patched_74_run0016_iter0150,157651002458112.0,106747930869760.0,50903071588352.0,458951392.0,234370288.0,224581104.0
16,150,76,v2.5_1203,run0016_iter0150,v2.5_gradient_patched_76_run0016_iter0150,185656286380032.0,103518039965696.0,82138246414336.0,475515616.0,224372640.0,251142976.0
16,150,73,v2.5_1428,run0016_iter0150,v2.5_gradient_patched_73_run0016_iter0150,178750398398464.0,110554270138368.0,68196128260096.0,473967872.0,239423456.0,234544416.0
17,150,74,v2.5_0111,run0017_iter0150,v2.5_gradient_patched_74_run0017_iter0150,169240116068352.0,161342929502208.0,7897186566144.0,458898240.0,359785888.0,99112352.0
17,150,76,v2.5_1203,run0017_iter0150,v2.5_gradient_patched_76_run0017_iter0150,188251822358528.0,178203024949248.0,10048797409280.0,482046016.0,387588224.0,94457792.0
17,150,73,v2.5_1428,run0017_iter0150,v2.5_gradient_patched_73_run0017_iter0150,177771481399296.0,169628156297216.0,8143325102080.0,479010976.0,375047520.0,103963456.0
16,175,74,v2.5_0111,run0016_iter0175,v2.5_gradient_patched_74_run0016_iter0175,156964109680640.0,107011777757184.0,49952331923456.0,460219456.0,235856976.0,224362480.0
16,175,76,v2.5_1203,run0016_iter0175,v2.5_gradient_patched_76_run0016_iter0175,185529014419456.0,103940691591168.0,81588322828288.0,475465728.0,227686576.0,247779152.0
16,175,73,v2.5_1428,run0016_iter0175,v2.5_gradient_patched_73_run0016_iter0175,178417286774784.0,110205136273408.0,68212150501376.0,475236992.0,236895200.0,238341792.0
17,175,74,v2.5_0111,run0017_iter0175,v2.5_gradient_patched_74_run0017_iter0175,168003769466880.0,150503086358528.0,17500683108352.0,460319488.0,309027680.0,151291808.0
17,175,76,v2.5_1203,run0017_iter0175,v2.5_gradient_patched_76_run0017_iter0175,187692704858112.0,176053410594816.0,11639294263296.0,481605184.0,372683104.0,108922080.0
17,175,73,v2.5_1428,run0017_iter0175,v2.5_gradient_patched_73_run0017_iter0175,177264893362176.0,152784485744640.0,24480407617536.0,480095008.0,322947104.0,157147904.0
16,200,74,v2.5_0111,run0016_iter0200,v2.5_gradient_patched_74_run0016_iter0200,156880424927232.0,109883500265472.0,46996924661760.0,461247936.0,244710048.0,216537888.0
16,200,76,v2.5_1203,run0016_iter0200,v2.5_gradient_patched_76_run0016_iter0200,185389159546880.0,109291398758400.0,76097760788480.0,475200000.0,246925120.0,228274880.0
16,200,73,v2.5_1428,run0016_iter0200,v2.5_gradient_patched_73_run0016_iter0200,178250756128768.0,114724029071360.0,63526727057408.0,476117600.0,248738544.0,227379056.0
17,200,74,v2.5_0111,run0017_iter0200,v2.5_gradient_patched_74_run0017_iter0200,167740551725056.0,146876003254272.0,20864548470784.0,461042880.0,303961248.0,157081632.0
17,200,76,v2.5_1203,run0017_iter0200,v2.5_gradient_patched_76_run0017_iter0200,188049673682944.0,147386030620672.0,40663643062272.0,481423584.0,308887488.0,172536096.0
17,200,73,v2.5_1428,run0017_iter0200,v2.5_gradient_patched_73_run0017_iter0200,177338243350528.0,149213220438016.0,28125022912512.0,481336960.0,317111136.0,164225824.0
18,0,74,v2.5_0111,run0018_iter0000,v2.5_gradient_patched_74_run0018_iter0000,177789953114112.0,150072884985856.0,27717068128256.0,399508864.0,279917856.0,119591008.0
18,0,76,v2.5_1203,run0018_iter0000,v2.5_gradient_patched_76_run0018_iter0000,178245471305728.0,153125281333248.0,25120189972480.0,410848768.0,296808160.0,114040608.0
18,0,73,v2.5_1428,run0018_iter0000,v2.5_gradient_patched_73_run0018_iter0000,175288218550272.0,148834441232384.0,26453777317888.0,403350304.0,276433472.0,126916832.0
19,0,74,v2.5_0111,run0019_iter0000,v2.5_gradient_patched_74_run0019_iter0000,176180867104768.0,154905796935680.0,21275070169088.0,413661344.0,300573184.0,113088160.0
19,0,76,v2.5_1203,run0019_iter0000,v2.5_gradient_patched_76_run0019_iter0000,176599139876864.0,155487597232128.0,21111542644736.0,414746080.0,305091488.0,109654592.0
19,0,73,v2.5_1428,run0019_iter0000,v2.5_gradient_patched_73_run0019_iter0000,174320642949120.0,154248952152064.0,20071690797056.0,402090912.0,299161952.0,102928960.0
18,25,74,v2.5_0111,run0018_iter0025,v2.5_gradient_patched_74_run0018_iter0025,185965507248128.0,166469828608000.0,19495678640128.0,431016224.0,399707264.0,31308960.0
18,25,76,v2.5_1203,run0018_iter0025,v2.5_gradient_patched_76_run0018_iter0025,189002686660608.0,178663878295552.0,10338808365056.0,456793312.0,419964384.0,36828928.0
18,25,73,v2.5_1428,run0018_iter0025,v2.5_gradient_patched_73_run0018_iter0025,181117411917824.0,162153537470464.0,18963874447360.0,459410464.0,371954880.0,87455584.0
19,25,74,v2.5_0111,run0019_iter0025,v2.5_gradient_patched_74_run0019_iter0025,180242597543936.0,189356769804288.0,9114172260352.0,441378016.0,445518656.0,4140640.0
19,25,76,v2.5_1203,run0019_iter0025,v2.5_gradient_patched_76_run0019_iter0025,180288198017024.0,186622335254528.0,6334137237504.0,443488128.0,436779456.0,6708672.0
19,25,73,v2.5_1428,run0019_iter0025,v2.5_gradient_patched_73_run0019_iter0025,171577601687552.0,187000191713280.0,15422590025728.0,438524096.0,438297024.0,227072.0
18,50,74,v2.5_0111,run0018_iter0050,v2.5_gradient_patched_74_run0018_iter0050,184758889873408.0,154977871855616.0,29781018017792.0,435992384.0,357927072.0,78065312.0
18,50,76,v2.5_1203,run0018_iter0050,v2.5_gradient_patched_76_run0018_iter0050,187975988150272.0,149062611369984.0,38913376780288.0,458282048.0,326015392.0,132266656.0
18,50,73,v2.5_1428,run0018_iter0050,v2.5_gradient_patched_73_run0018_iter0050,180928030703616.0,144252499656704.0,36675531046912.0,462880672.0,322977536.0,139903136.0
19,50,74,v2.5_0111,run0019_iter0050,v2.5_gradient_patched_74_run0019_iter0050,179025930616832.0,181606484541440.0,2580553924608.0,445349184.0,420146784.0,25202400.0
19,50,76,v2.5_1203,run0019_iter0050,v2.5_gradient_patched_76_run0019_iter0050,179005663739904.0,184807745126400.0,5802081386496.0,445005984.0,424114656.0,20891328.0
19,50,73,v2.5_1428,run0019_iter0050,v2.5_gradient_patched_73_run0019_iter0050,169151079383040.0,171114416308224.0,1963336925184.0,444051776.0,385186784.0,58864992.0
18,75,74,v2.5_0111,run0018_iter0075,v2.5_gradient_patched_74_run0018_iter0075,183894393487360.0,139306224058368.0,44588169428992.0,438458336.0,319545984.0,118912352.0
18,75,76,v2.5_1203,run0018_iter0075,v2.5_gradient_patched_76_run0018_iter0075,186282898620416.0,157334634496000.0,28948264124416.0,459304640.0,352099456.0,107205184.0
18,75,73,v2.5_1428,run0018_iter0075,v2.5_gradient_patched_73_run0018_iter0075,180167922155520.0,146145070284800.0,34022851870720.0,463777120.0,327077280.0,136699840.0
19,75,74,v2.5_0111,run0019_iter0075,v2.5_gradient_patched_74_run0019_iter0075,178701123715072.0,141202418565120.0,37498705149952.0,446216320.0,317732608.0,128483712.0
19,75,76,v2.5_1203,run0019_iter0075,v2.5_gradient_patched_76_run0019_iter0075,178887703134208.0,151804411117568.0,27083292016640.0,445265792.0,348813312.0,96452480.0
19,75,73,v2.5_1428,run0019_iter0075,v2.5_gradient_patched_73_run0019_iter0075,168490375839744.0,149601126449152.0,18889249390592.0,445076672.0,340280256.0,104796416.0
18,100,74,v2.5_0111,run0018_iter0100,v2.5_gradient_patched_74_run0018_iter0100,184164271783936.0,160888216616960.0,23276055166976.0,439936960.0,372730112.0,67206848.0
18,100,76,v2.5_1203,run0018_iter0100,v2.5_gradient_patched_76_run0018_iter0100,186189013319680.0,169235150012416.0,16953863307264.0,458519520.0,383060960.0,75458560.0
18,100,73,v2.5_1428,run0018_iter0100,v2.5_gradient_patched_73_run0018_iter0100,180187870265344.0,159488124387328.0,20699745878016.0,464718752.0,361436640.0,103282112.0
19,100,74,v2.5_0111,run0019_iter0100,v2.5_gradient_patched_74_run0019_iter0100,178916341841920.0,145996608700416.0,32919733141504.0,446459392.0,335020320.0,111439072.0
19,100,76,v2.5_1203,run0019_iter0100,v2.5_gradient_patched_76_run0019_iter0100,179122315722752.0,165502689214464.0,13619626508288.0,445322816.0,382270016.0,63052800.0
19,100,73,v2.5_1428,run0019_iter0100,v2.5_gradient_patched_73_run0019_iter0100,168520272838656.0,152556516933632.0,15963755905024.0,445537760.0,349620544.0,95917216.0
18,125,74,v2.5_0111,run0018_iter0125,v2.5_gradient_patched_74_run0018_iter0125,184102867173376.0,160176543891456.0,23926323281920.0,440689056.0,368667136.0,72021920.0
18,125,76,v2.5_1203,run0018_iter0125,v2.5_gradient_patched_76_run0018_iter0125,185863032012800.0,168930744205312.0,16932287807488.0,458595232.0,382049600.0,76545632.0
18,125,73,v2.5_1428,run0018_iter0125,v2.5_gradient_patched_73_run0018_iter0125,179897003671552.0,163699910246400.0,16197093425152.0,465276352.0,367804992.0,97471360.0
19,125,74,v2.5_0111,run0019_iter0125,v2.5_gradient_patched_74_run0019_iter0125,178178379218944.0,154084166336512.0,24094212882432.0,448218752.0,379589920.0,68628832.0
19,125,76,v2.5_1203,run0019_iter0125,v2.5_gradient_patched_76_run0019_iter0125,178820258725888.0,165538676342784.0,13281582383104.0,444976416.0,401863168.0,43113248.0
19,125,73,v2.5_1428,run0019_iter0125,v2.5_gradient_patched_73_run0019_iter0125,167745551335424.0,160830368776192.0,6915182559232.0,446179584.0,393111424.0,53068160.0
18,150,74,v2.5_0111,run0018_iter0150,v2.5_gradient_patched_74_run0018_iter0150,184330835984384.0,156608785022976.0,27722050961408.0,441067008.0,345360416.0,95706592.0
18,150,76,v2.5_1203,run0018_iter0150,v2.5_gradient_patched_76_run0018_iter0150,186081689468928.0,165936246030336.0,20145443438592.0,458742688.0,362528160.0,96214528.0
18,150,73,v2.5_1428,run0018_iter0150,v2.5_gradient_patched_73_run0018_iter0150,180041438724096.0,153733858066432.0,26307580657664.0,465569248.0,336194592.0,129374656.0
19,150,74,v2.5_0111,run0019_iter0150,v2.5_gradient_patched_74_run0019_iter0150,173947786100736.0,159277603880960.0,14670182219776.0,451377312.0,407857664.0,43519648.0
19,150,76,v2.5_1203,run0019_iter0150,v2.5_gradient_patched_76_run0019_iter0150,176586875731968.0,179911532740608.0,3324657008640.0,444818848.0,457376640.0,12557792.0
19,150,73,v2.5_1428,run0019_iter0150,v2.5_gradient_patched_73_run0019_iter0150,164371988742144.0,174115222716416.0,9743233974272.0,449085152.0,444255072.0,4830080.0
18,175,74,v2.5_0111,run0018_iter0175,v2.5_gradient_patched_74_run0018_iter0175,184285470392320.0,157305039486976.0,26980430905344.0,441225856.0,347663264.0,93562592.0
18,175,76,v2.5_1203,run0018_iter0175,v2.5_gradient_patched_76_run0018_iter0175,185907156090880.0,166819163799552.0,19087992291328.0,458736160.0,367437248.0,91298912.0
18,175,73,v2.5_1428,run0018_iter0175,v2.5_gradient_patched_73_run0018_iter0175,179950606876672.0,154556293971968.0,25394312904704.0,465620736.0,340275360.0,125345376.0
19,175,74,v2.5_0111,run0019_iter0175,v2.5_gradient_patched_74_run0019_iter0175,170739730743296.0,171357132292096.0,617401548800.0,453644768.0,444908672.0,8736096.0
19,175,76,v2.5_1203,run0019_iter0175,v2.5_gradient_patched_76_run0019_iter0175,175719778877440.0,191176023998464.0,15456245121024.0,446796416.0,488056320.0,41259904.0
19,175,73,v2.5_1428,run0019_iter0175,v2.5_gradient_patched_73_run0019_iter0175,163083397890048.0,178397087006720.0,15313689116672.0,450517984.0,464588768.0,14070784.0
18,200,74,v2.5_0111,run0018_iter0200,v2.5_gradient_patched_74_run0018_iter0200,184178683412480.0,157510107398144.0,26668576014336.0,441522752.0,348903840.0,92618912.0
18,200,76,v2.5_1203,run0018_iter0200,v2.5_gradient_patched_76_run0018_iter0200,185741900513280.0,166191746252800.0,19550154260480.0,458565856.0,366642080.0,91923776.0
18,200,73,v2.5_1428,run0018_iter0200,v2.5_gradient_patched_73_run0018_iter0200,179844071555072.0,158457634226176.0,21386437328896.0,465598976.0,349941120.0,115657856.0
19,200,74,v2.5_0111,run0019_iter0200,v2.5_gradient_patched_74_run0019_iter0200,169736805548032.0,164416414810112.0,5320390737920.0,454161536.0,426749024.0,27412512.0
19,200,76,v2.5_1203,run0019_iter0200,v2.5_gradient_patched_76_run0019_iter0200,175673356320768.0,186258974310400.0,10585617989632.0,447903104.0,474625152.0,26722048.0
19,200,73,v2.5_1428,run0019_iter0200,v2.5_gradient_patched_73_run0019_iter0200,162932369391616.0,177048752488448.0,14116383096832.0,450456256.0,459383296.0,8927040.0
