split,case_id,node_index,mean_wept_sequence_abs_error
train,v2.5_0450,0,76571213824.0
train,v2.5_0981,1,758212722688.0
train,v2.5_2241,2,3512444387328.0
train,v2.5_2081,3,1104578347008.0
train,v2.5_1863,4,593863114752.0
train,v2.5_0731,5,2087169556480.0
train,v2.5_1676,6,1117027041280.0
train,v2.5_2349,7,538934509568.0
train,v2.5_0541,8,124134621184.0
train,v2.5_1340,9,394197467136.0
train,v2.5_3191,10,542155735040.0
train,v2.5_1177,11,211376144384.0
train,v2.5_0969,12,574753865728.0
train,v2.5_0556,13,496588816384.0
train,v2.5_0282,14,1073263673344.0
train,v2.5_0595,15,933635293184.0
train,v2.5_1974,16,1025876426752.0
train,v2.5_1983,17,1115382874112.0
train,v2.5_1957,18,84221624320.0
train,v2.5_2042,19,1024567803904.0
train,v2.5_0361,20,724104642560.0
train,v2.5_1713,21,496924360704.0
train,v2.5_1871,22,305177559040.0
train,v2.5_1774,23,6056574976.0
train,v2.5_1779,24,50784632832.0
train,v2.5_0597,25,464208789504.0
train,v2.5_2174,26,231743684608.0
train,v2.5_0852,27,47596961792.0
train,v2.5_0583,28,26323451904.0
train,v2.5_3216,29,394449125376.0
train,v2.5_2131,30,1695086018560.0
train,v2.5_1014,31,1803114512384.0
train,v2.5_0371,32,653405454336.0
train,v2.5_0367,33,138227482624.0
train,v2.5_1497,34,1229686046720.0
train,v2.5_3281,35,258369126400.0
train,v2.5_2250,36,1344844857344.0
train,v2.5_3250,37,2328165875712.0
train,v2.5_1092,38,92878667776.0
train,v2.5_1895,39,4685071122432.0
train,v2.5_0403,40,1194361618432.0
train,v2.5_1552,41,49425678336.0
train,v2.5_1913,42,47462744064.0
train,v2.5_0027,43,530210357248.0
train,v2.5_2389,44,1249265057792.0
train,v2.5_2248,45,371246235648.0
train,v2.5_0910,46,169097560064.0
train,v2.5_2102,47,841662595072.0
train,v2.5_2054,48,244276264960.0
train,v2.5_1000,49,91117060096.0
train,v2.5_3057,50,1217270906880.0
train,v2.5_2096,51,530126471168.0
train,v2.5_3185,52,173140869120.0
train,v2.5_0338,53,289289535488.0
train,v2.5_0735,54,668337176576.0
train,v2.5_2139,55,963616178176.0
train,v2.5_0110,56,28319940608.0
train,v2.5_0010,57,641980170240.0
train,v2.5_1637,58,648472952832.0
train,v2.5_1045,59,1329049108480.0
train,v2.5_1208,60,327826800640.0
train,v2.5_1353,61,1303942004736.0
train,v2.5_3263,62,2771579305984.0
train,v2.5_3073,63,837468291072.0
train,v2.5_1232,64,327289929728.0
train,v2.5_0368,65,226022653952.0
train,v2.5_1973,66,1059808346112.0
train,v2.5_0133,67,10351542272.0
train,v2.5_3013,68,306301632512.0
train,v2.5_0168,69,1562109804544.0
train,v2.5_0056,70,1148299771904.0
train,v2.5_0038,71,367454584832.0
train,v2.5_1376,72,193156087808.0
train,v2.5_3181,73,334302806016.0
train,v2.5_1768,74,4211081216.0
train,v2.5_0340,75,172083904512.0
train,v2.5_1445,76,150994944.0
train,v2.5_1643,77,211963346944.0
train,v2.5_1696,78,1248543637504.0
train,v2.5_0745,79,72142028800.0
train,v2.5_1785,80,345996525568.0
train,v2.5_1420,81,1047191879680.0
train,v2.5_0497,82,700952084480.0
train,v2.5_3233,83,28101836800.0
train,v2.5_0600,84,613140135936.0
train,v2.5_1405,85,1070889697280.0
train,v2.5_1619,86,294188482560.0
train,v2.5_1844,87,321602453504.0
train,v2.5_0711,88,1194252566528.0
train,v2.5_1087,89,178476023808.0
train,v2.5_0032,90,598174859264.0
train,v2.5_2199,91,840303640576.0
train,v2.5_1393,92,748666486784.0
train,v2.5_2070,93,741385175040.0
train,v2.5_1281,94,107642617856.0
train,v2.5_0427,95,15619588096.0
train,v2.5_3287,96,19595788288.0
train,v2.5_1740,97,1178666532864.0
train,v2.5_1484,98,214412820480.0
train,v2.5_2061,99,59458453504.0
train,v2.5_3147,100,98817802240.0
train,v2.5_0928,101,525579845632.0
train,v2.5_1149,102,172687884288.0
train,v2.5_1657,103,1156319281152.0
train,v2.5_0538,104,639245484032.0
train,v2.5_0652,105,290438774784.0
train,v2.5_0139,106,842316906496.0
train,v2.5_1744,107,30953963520.0
train,v2.5_1080,108,548967284736.0
train,v2.5_0802,109,564351991808.0
train,v2.5_1050,110,2875941978112.0
train,v2.5_0763,111,514087452672.0
train,v2.5_0316,112,504222449664.0
train,v2.5_1431,113,395539644416.0
train,v2.5_1294,114,991701237760.0
train,v2.5_3049,115,732946235392.0
train,v2.5_3058,116,400136601600.0
train,v2.5_3176,117,213674622976.0
train,v2.5_1480,118,3293728210944.0
train,v2.5_0948,119,251121369088.0
train,v2.5_1772,120,564167442432.0
train,v2.5_0327,121,391815102464.0
train,v2.5_0065,122,252547432448.0
train,v2.5_0828,123,384433127424.0
train,v2.5_2381,124,14445182976.0
train,v2.5_3177,125,446441717760.0
train,v2.5_0689,126,828895133696.0
train,v2.5_2015,127,3327022596096.0
train,v2.5_0380,128,51908706304.0
train,v2.5_0023,129,816060563456.0
train,v2.5_1114,130,225217347584.0
train,v2.5_1352,131,42865786880.0
train,v2.5_1182,132,604130770944.0
train,v2.5_0606,133,43016781824.0
train,v2.5_1440,134,687698083840.0
train,v2.5_0350,135,831730483200.0
train,v2.5_0306,136,275800653824.0
train,v2.5_0838,137,272478765056.0
train,v2.5_3146,138,1468660711424.0
train,v2.5_0811,139,855629627392.0
train,v2.5_3283,140,476221276160.0
train,v2.5_1808,141,310915366912.0
train,v2.5_3053,142,357321146368.0
train,v2.5_0589,143,207450275840.0
train,v2.5_0352,144,303717941248.0
train,v2.5_3119,145,443539259392.0
train,v2.5_1610,146,526720696320.0
train,v2.5_0088,147,503182262272.0
train,v2.5_3200,148,917344616448.0
train,v2.5_0502,149,131315269632.0
train,v2.5_0499,150,1095669645312.0
train,v2.5_0268,151,866710978560.0
train,v2.5_0401,152,518063652864.0
train,v2.5_0761,153,289255981056.0
train,v2.5_3219,154,531133104128.0
train,v2.5_0182,155,487713669120.0
train,v2.5_1625,156,443321155584.0
train,v2.5_2074,157,189733535744.0
train,v2.5_1189,158,17867735040.0
train,v2.5_0205,159,447901335552.0
train,v2.5_0863,160,1366487465984.0
train,v2.5_0924,161,234092494848.0
train,v2.5_0984,162,122557562880.0
train,v2.5_1394,163,938064478208.0
train,v2.5_3248,164,2049588592640.0
train,v2.5_1707,165,404448346112.0
train,v2.5_2237,166,1382979469312.0
train,v2.5_0345,167,194968027136.0
train,v2.5_1704,168,207450275840.0
train,v2.5_0217,169,103364427776.0
train,v2.5_0166,170,270582939648.0
train,v2.5_2059,171,271522463744.0
train,v2.5_0266,172,144032399360.0
train,v2.5_1608,173,830287642624.0
train,v2.5_0983,174,1203513589760.0
train,v2.5_3305,175,205017579520.0
train,v2.5_0387,176,36507222016.0
train,v2.5_0638,177,205973880832.0
train,v2.5_1906,178,385506869248.0
train,v2.5_1245,179,891088273408.0
train,v2.5_1354,180,2504486027264.0
train,v2.5_0699,181,388761649152.0
train,v2.5_1311,182,52529463296.0
train,v2.5_0454,183,439948935168.0
train,v2.5_2360,184,881391042560.0
train,v2.5_2379,185,42094034944.0
train,v2.5_1996,186,597923201024.0
train,v2.5_1669,187,1646230765568.0
train,v2.5_1473,188,779670781952.0
train,v2.5_0936,189,602704707584.0
train,v2.5_0561,190,2562249981952.0
train,v2.5_1889,191,2595871522816.0
train,v2.5_2401,192,802873671680.0
train,v2.5_0017,193,915197132800.0
train,v2.5_0662,194,18371051520.0
train,v2.5_0064,195,292879859712.0
train,v2.5_0080,196,534085894144.0
train,v2.5_2279,197,39476789248.0
train,v2.5_2142,198,38721814528.0
train,v2.5_3297,199,68669145088.0
train,v2.5_0663,200,427315691520.0
train,v2.5_1485,201,473805357056.0
train,v2.5_0460,202,950496395264.0
train,v2.5_1386,203,13186891776.0
train,v2.5_0003,204,143176761344.0
train,v2.5_2177,205,201762799616.0
train,v2.5_1826,206,308147126272.0
train,v2.5_3327,207,1035858870272.0
train,v2.5_0396,208,1284639817728.0
train,v2.5_1732,209,449780383744.0
train,v2.5_0407,210,123245428736.0
train,v2.5_2140,211,355794419712.0
train,v2.5_1116,212,1563602976768.0
train,v2.5_0954,213,690667651072.0
train,v2.5_0095,214,377655132160.0
train,v2.5_3026,215,3494551486464.0
train,v2.5_1028,216,1217027637248.0
train,v2.5_0506,217,1559911989248.0
train,v2.5_0184,218,600724996096.0
train,v2.5_2158,219,312274321408.0
train,v2.5_0102,220,563009814528.0
train,v2.5_0793,221,47311749120.0
train,v2.5_0036,222,298315677696.0
train,v2.5_2130,223,578176417792.0
train,v2.5_0762,224,977222500352.0
train,v2.5_1594,225,140492406784.0
train,v2.5_0594,226,553933340672.0
train,v2.5_1160,227,370541592576.0
train,v2.5_3158,228,227834593280.0
train,v2.5_0908,229,363897815040.0
train,v2.5_1301,230,594651643904.0
train,v2.5_0100,231,1585967005696.0
train,v2.5_1546,232,692580253696.0
train,v2.5_0258,233,383812370432.0
train,v2.5_3276,234,261976227840.0
train,v2.5_1869,235,201678913536.0
train,v2.5_2216,236,44811943936.0
train,v2.5_0209,237,1317934202880.0
train,v2.5_0826,238,1113520603136.0
train,v2.5_2194,239,415319982080.0
train,v2.5_0390,240,646342246400.0
train,v2.5_0549,241,128832241664.0
train,v2.5_0750,242,767775735808.0
train,v2.5_1279,243,209597759488.0
train,v2.5_0186,244,620538888192.0
train,v2.5_0429,245,106468212736.0
train,v2.5_0073,246,142237237248.0
train,v2.5_0795,247,1816217518080.0
train,v2.5_1595,248,225770995712.0
train,v2.5_0844,249,937460498432.0
train,v2.5_2300,250,285212672.0
train,v2.5_1159,251,299372642304.0
train,v2.5_1213,252,1395210059776.0
train,v2.5_2230,253,351096799232.0
train,v2.5_0748,254,424161574912.0
train,v2.5_0418,255,1399018487808.0
train,v2.5_2365,256,329487745024.0
train,v2.5_0897,257,3813779963904.0
train,v2.5_2285,258,739556458496.0
train,v2.5_1101,259,609264599040.0
train,v2.5_0889,260,65347256320.0
train,v2.5_1788,261,591732408320.0
train,v2.5_0755,262,194515042304.0
train,v2.5_0664,263,206259093504.0
train,v2.5_0641,264,269039435776.0
train,v2.5_2036,265,1663511298048.0
train,v2.5_0130,266,8036286464.0
train,v2.5_1316,267,424648114176.0
train,v2.5_1387,268,487193575424.0
train,v2.5_0744,269,490649681920.0
train,v2.5_1401,270,627920863232.0
train,v2.5_2127,271,463218933760.0
train,v2.5_1962,272,37027315712.0
train,v2.5_0533,273,1159859273728.0
train,v2.5_1925,274,282930970624.0
train,v2.5_0152,275,83701530624.0
train,v2.5_2175,276,515966500864.0
train,v2.5_0355,277,365978189824.0
train,v2.5_2351,278,741636833280.0
train,v2.5_0362,279,667011776512.0
train,v2.5_1185,280,245702328320.0
train,v2.5_0219,281,479962595328.0
train,v2.5_1842,282,705154777088.0
train,v2.5_0610,283,421846319104.0
train,v2.5_3022,284,2175811977216.0
train,v2.5_1636,285,1550063763456.0
train,v2.5_3003,286,89087016960.0
train,v2.5_2251,287,155239579648.0
train,v2.5_1729,288,1121137459200.0
train,v2.5_1903,289,431325446144.0
train,v2.5_0529,290,693419114496.0
train,v2.5_1379,291,575609503744.0
train,v2.5_0898,292,69877104640.0
train,v2.5_3265,293,1350146457600.0
train,v2.5_1221,294,1124073472.0
train,v2.5_1370,295,1925370085376.0
train,v2.5_3306,296,271119810560.0
train,v2.5_1992,297,1594942816256.0
train,v2.5_1508,298,228841226240.0
train,v2.5_0961,299,261657460736.0
train,v2.5_3175,300,152555225088.0
train,v2.5_1112,301,352053100544.0
train,v2.5_0756,302,551114768384.0
train,v2.5_2298,303,104572387328.0
train,v2.5_1717,304,1179253735424.0
train,v2.5_3267,305,67276636160.0
train,v2.5_2339,306,23672651776.0
train,v2.5_0684,307,1051914665984.0
train,v2.5_2263,308,163158425600.0
train,v2.5_1119,309,7046430720.0
train,v2.5_1649,310,89724551168.0
train,v2.5_1872,311,385708195840.0
train,v2.5_1032,312,2273597980672.0
train,v2.5_1144,313,664495194112.0
train,v2.5_0568,314,349419077632.0
train,v2.5_0972,315,1171016122368.0
train,v2.5_1603,316,561650860032.0
train,v2.5_0523,317,421284282368.0
train,v2.5_2094,318,777389080576.0
train,v2.5_1409,319,240551723008.0
train,v2.5_3334,320,380356263936.0
train,v2.5_0526,321,363344166912.0
train,v2.5_0283,322,263670726656.0
train,v2.5_0399,323,740630200320.0
train,v2.5_1299,324,13992198144.0
train,v2.5_2260,325,1636256710656.0
train,v2.5_0430,326,1373106077696.0
train,v2.5_2234,327,683201789952.0
train,v2.5_0675,328,898319253504.0
train,v2.5_1624,329,88801804288.0
train,v2.5_2080,330,576498696192.0
train,v2.5_0378,331,914744147968.0
train,v2.5_2355,332,211745243136.0
train,v2.5_0738,333,942493663232.0
train,v2.5_1035,334,398727315456.0
train,v2.5_2153,335,593477238784.0
train,v2.5_0772,336,526888468480.0
train,v2.5_0083,337,178778013696.0
train,v2.5_1418,338,600850825216.0
train,v2.5_0109,339,379148304384.0
train,v2.5_2387,340,23102226432.0
train,v2.5_2321,341,138227482624.0
train,v2.5_0729,342,915364904960.0
train,v2.5_0869,343,927226396672.0
train,v2.5_0806,344,320042172416.0
train,v2.5_1199,345,605942710272.0
train,v2.5_1739,346,278258515968.0
train,v2.5_3144,347,512275513344.0
train,v2.5_1372,348,638389846016.0
train,v2.5_3152,349,226140094464.0
train,v2.5_1195,350,1077835464704.0
train,v2.5_1725,351,2192287203328.0
train,v2.5_0909,352,649748021248.0
train,v2.5_2238,353,537240010752.0
train,v2.5_2138,354,410504921088.0
train,v2.5_1784,355,259426091008.0
train,v2.5_0885,356,557909540864.0
train,v2.5_3072,357,74289512448.0
train,v2.5_1068,358,1106071519232.0
train,v2.5_1218,359,1889869496320.0
train,v2.5_1793,360,848927129600.0
train,v2.5_0156,361,887850270720.0
train,v2.5_0428,362,313515835392.0
train,v2.5_1971,363,680232222720.0
train,v2.5_2281,364,344872452096.0
train,v2.5_0558,365,1167912337408.0
train,v2.5_0490,366,136902082560.0
train,v2.5_0515,367,1180822405120.0
train,v2.5_0739,368,64692944896.0
train,v2.5_3131,369,684879511552.0
train,v2.5_0829,370,2347434508288.0
train,v2.5_0598,371,540377350144.0
train,v2.5_1093,372,1785800425472.0
train,v2.5_0724,373,583796785152.0
train,v2.5_0042,374,3107945709568.0
train,v2.5_2048,375,633071468544.0
train,v2.5_3178,376,1455977136128.0
train,v2.5_2136,377,208356245504.0
train,v2.5_0546,378,2122552705024.0
train,v2.5_3090,379,2091640684544.0
train,v2.5_3010,380,545813168128.0
train,v2.5_1466,381,183895064576.0
train,v2.5_1314,382,455635632128.0
train,v2.5_3318,383,382470193152.0
train,v2.5_0698,384,466624708608.0
train,v2.5_0066,385,639312592896.0
train,v2.5_0140,386,361649668096.0
train,v2.5_3319,387,1013385789440.0
train,v2.5_2323,388,155239579648.0
train,v2.5_0650,389,1004049268736.0
train,v2.5_0325,390,395925520384.0
train,v2.5_0926,391,168040595456.0
train,v2.5_0941,392,221878681600.0
train,v2.5_1997,393,206863073280.0
train,v2.5_0273,394,289054654464.0
train,v2.5_1985,395,1142998171648.0
train,v2.5_0296,396,220603613184.0
train,v2.5_0651,397,564150665216.0
train,v2.5_3169,398,659411697664.0
train,v2.5_1252,399,361398009856.0
train,v2.5_1013,400,359351189504.0
train,v2.5_2173,401,390858801152.0
train,v2.5_0126,402,100294197248.0
train,v2.5_0402,403,259107323904.0
train,v2.5_1876,404,449260290048.0
train,v2.5_0440,405,1185796849664.0
train,v2.5_1359,406,333212286976.0
train,v2.5_0562,407,360743698432.0
train,v2.5_0527,408,678546112512.0
train,v2.5_1845,409,662515482624.0
train,v2.5_3307,410,178174033920.0
train,v2.5_1022,411,2372818436096.0
train,v2.5_0511,412,318465114112.0
train,v2.5_1958,413,1479733673984.0
train,v2.5_3342,414,1193262710784.0
train,v2.5_1292,415,175758114816.0
train,v2.5_1765,416,363646156800.0
train,v2.5_1576,417,190673059840.0
train,v2.5_0685,418,79356231680.0
train,v2.5_1174,419,580206460928.0
train,v2.5_1214,420,166648086528.0
train,v2.5_2247,421,1411735617536.0
train,v2.5_3329,422,116098334720.0
train,v2.5_1896,423,342389424128.0
train,v2.5_3322,424,114051514368.0
train,v2.5_2289,425,786868207616.0
train,v2.5_1033,426,351633670144.0
train,v2.5_1757,427,43922751488.0
train,v2.5_1648,428,84557168640.0
train,v2.5_0385,429,85656076288.0
train,v2.5_0896,430,160859947008.0
train,v2.5_1702,431,396026183680.0
train,v2.5_3088,432,220687499264.0
train,v2.5_1402,433,671994609664.0
train,v2.5_0478,434,308012908544.0
train,v2.5_1995,435,1142712958976.0
train,v2.5_3344,436,1104209248256.0
train,v2.5_0254,437,407753457664.0
train,v2.5_0183,438,524455772160.0
train,v2.5_1312,439,892514336768.0
train,v2.5_1882,440,1758940102656.0
train,v2.5_1898,441,296805728256.0
train,v2.5_1667,442,430704689152.0
train,v2.5_1128,443,261691015168.0
train,v2.5_0084,444,5536481280.0
train,v2.5_3106,445,491035557888.0
train,v2.5_0831,446,299456528384.0
train,v2.5_0153,447,156447539200.0
train,v2.5_3290,448,87409295360.0
train,v2.5_1212,449,1028896325632.0
train,v2.5_0619,450,2271400165376.0
train,v2.5_3064,451,74457284608.0
train,v2.5_2400,452,309657075712.0
train,v2.5_3123,453,46623883264.0
train,v2.5_2296,454,238538457088.0
train,v2.5_1134,455,495615737856.0
train,v2.5_0655,456,467983663104.0
train,v2.5_3079,457,128496697344.0
train,v2.5_0999,458,105058926592.0
train,v2.5_0046,459,1345801158656.0
train,v2.5_3197,460,1905438752768.0
train,v2.5_1329,461,401495556096.0
train,v2.5_3164,462,313012518912.0
train,v2.5_0204,463,1342412161024.0
train,v2.5_1158,464,327591919616.0
train,v2.5_1639,465,381262233600.0
train,v2.5_0250,466,819114016768.0
train,v2.5_1908,467,895509069824.0
train,v2.5_1342,468,542625497088.0
train,v2.5_0584,469,2820669440000.0
train,v2.5_1666,470,531653197824.0
train,v2.5_0280,471,385188102144.0
train,v2.5_1023,472,1264532324352.0
train,v2.5_2332,473,733768318976.0
train,v2.5_0849,474,551802634240.0
train,v2.5_0628,475,14529069056.0
train,v2.5_1590,476,1150313037824.0
train,v2.5_0615,477,1694851137536.0
train,v2.5_3102,478,316535734272.0
train,v2.5_1126,479,1547312300032.0
train,v2.5_0289,480,354334801920.0
train,v2.5_0131,481,236491636736.0
train,v2.5_2239,482,625370726400.0
train,v2.5_1881,483,4166227329024.0
train,v2.5_0991,484,52479131648.0
train,v2.5_0704,485,348680880128.0
train,v2.5_1389,486,826982531072.0
train,v2.5_1932,487,55549362176.0
train,v2.5_2274,488,643741777920.0
train,v2.5_0381,489,176882188288.0
train,v2.5_1078,490,1108034453504.0
train,v2.5_3339,491,83433095168.0
train,v2.5_0677,492,793277104128.0
train,v2.5_1556,493,46103789568.0
train,v2.5_0633,494,484173676544.0
train,v2.5_0048,495,275548995584.0
train,v2.5_0025,496,369350410240.0
train,v2.5_1867,497,124805709824.0
train,v2.5_1979,498,896456982528.0
train,v2.5_2204,499,521066774528.0
train,v2.5_1600,500,199967637504.0
train,v2.5_0090,501,1695950045184.0
train,v2.5_3027,502,258083913728.0
train,v2.5_0076,503,1986271379456.0
train,v2.5_1324,504,390707806208.0
train,v2.5_0469,505,230971932672.0
train,v2.5_1475,506,1031731675136.0
train,v2.5_0162,507,174701150208.0
train,v2.5_1206,508,300328943616.0
train,v2.5_0854,509,477362126848.0
train,v2.5_0939,510,622250164224.0
train,v2.5_3023,511,4992060620800.0
train,v2.5_3309,512,492042190848.0
train,v2.5_0916,513,541300097024.0
train,v2.5_1044,514,125174808576.0
train,v2.5_0504,515,80748740608.0
train,v2.5_1323,516,173979729920.0
train,v2.5_0737,517,46154121216.0
train,v2.5_0686,518,353059733504.0
train,v2.5_1894,519,6487732649984.0
train,v2.5_3264,520,618609508352.0
train,v2.5_0573,521,376396840960.0
train,v2.5_3310,522,113632083968.0
train,v2.5_1642,523,670484660224.0
train,v2.5_0519,524,1292860653568.0
train,v2.5_3340,525,231055818752.0
train,v2.5_1998,526,469023850496.0
train,v2.5_0668,527,404632895488.0
train,v2.5_1489,528,596614578176.0
train,v2.5_0661,529,1399773462528.0
train,v2.5_2152,530,1564072738816.0
train,v2.5_1816,531,450266923008.0
train,v2.5_1558,532,307224379392.0
train,v2.5_2056,533,281924337664.0
train,v2.5_1297,534,824549834752.0
train,v2.5_1230,535,83114328064.0
train,v2.5_1167,536,409330515968.0
train,v2.5_1224,537,338648104960.0
train,v2.5_3193,538,547054682112.0
train,v2.5_0400,539,99421782016.0
train,v2.5_2220,540,2837849309184.0
train,v2.5_1009,541,145693343744.0
train,v2.5_1072,542,303818604544.0
train,v2.5_1464,543,1416265465856.0
train,v2.5_0919,544,329135423488.0
train,v2.5_0086,545,409531842560.0
train,v2.5_0819,546,1783099293696.0
train,v2.5_3069,547,396026183680.0
train,v2.5_3036,548,292561092608.0
train,v2.5_3135,549,121349603328.0
train,v2.5_0391,550,80161538048.0
train,v2.5_1017,551,316065972224.0
train,v2.5_2207,552,583645790208.0
train,v2.5_3206,553,458001219584.0
train,v2.5_1151,554,332373426176.0
train,v2.5_0485,555,31423725568.0
train,v2.5_1492,556,834733604864.0
train,v2.5_0480,557,198021480448.0
train,v2.5_2176,558,120493965312.0
train,v2.5_1168,559,78215380992.0
train,v2.5_0104,560,55582916608.0
train,v2.5_0001,561,407468244992.0
train,v2.5_1410,562,1631064162304.0
train,v2.5_3332,563,110243086336.0
train,v2.5_2073,564,601698074624.0
train,v2.5_2244,565,1914162905088.0
train,v2.5_1607,566,1298757844992.0
train,v2.5_1737,567,2496114196480.0
train,v2.5_3018,568,27413970944.0
train,v2.5_1162,569,313884934144.0
train,v2.5_0297,570,1720369283072.0
train,v2.5_0059,571,9613344768.0
train,v2.5_0251,572,644026990592.0
train,v2.5_2166,573,109404225536.0
train,v2.5_1720,574,277511929856.0
train,v2.5_1547,575,450115928064.0
train,v2.5_0047,576,252094447616.0
train,v2.5_0304,577,461239222272.0
train,v2.5_2367,578,513735131136.0
train,v2.5_2270,579,822301687808.0
train,v2.5_0377,580,992472989696.0
train,v2.5_1579,581,85446361088.0
train,v2.5_3047,582,48855252992.0
train,v2.5_0132,583,808108163072.0
train,v2.5_2343,584,87207968768.0
train,v2.5_0145,585,765074604032.0
train,v2.5_3107,586,240551723008.0
train,v2.5_1848,587,222012899328.0
train,v2.5_1538,588,1254918979584.0
train,v2.5_3274,589,1059816734720.0
train,v2.5_1821,590,2915930472448.0
train,v2.5_1436,591,279307091968.0
train,v2.5_1184,592,457212690432.0
train,v2.5_0893,593,398240776192.0
train,v2.5_2067,594,432751509504.0
train,v2.5_2278,595,521939189760.0
train,v2.5_0128,596,444998877184.0
train,v2.5_1778,597,794099187712.0
train,v2.5_1621,598,84607500288.0
train,v2.5_0701,599,268083134464.0
train,v2.5_3125,600,924005171200.0
train,v2.5_0832,601,134184173568.0
train,v2.5_0617,602,195672670208.0
train,v2.5_1952,603,907613831168.0
train,v2.5_0093,604,383409717248.0
train,v2.5_3195,605,70153928704.0
train,v2.5_0303,606,961049264128.0
train,v2.5_1136,607,97022640128.0
train,v2.5_1366,608,229394874368.0
train,v2.5_2254,609,393778036736.0
train,v2.5_0642,610,313650053120.0
train,v2.5_2293,611,141230604288.0
train,v2.5_0892,612,34326183936.0
train,v2.5_1807,613,203088199680.0
train,v2.5_0119,614,142337900544.0
train,v2.5_0005,615,965444894720.0
train,v2.5_3032,616,1568283820032.0
train,v2.5_1955,617,774587285504.0
train,v2.5_0359,618,270666825728.0
train,v2.5_0715,619,680601321472.0
train,v2.5_1250,620,112155688960.0
train,v2.5_0255,621,337742135296.0
train,v2.5_1893,622,678806159360.0
train,v2.5_1154,623,626595463168.0
train,v2.5_1156,624,1008646225920.0
train,v2.5_1580,625,2796728352768.0
train,v2.5_0626,626,733315334144.0
train,v2.5_3080,627,620287229952.0
train,v2.5_0574,628,66119008256.0
train,v2.5_0723,629,53854863360.0
train,v2.5_0092,630,315881422848.0
train,v2.5_0752,631,475013316608.0
train,v2.5_0339,632,295950090240.0
train,v2.5_1102,633,723987202048.0
train,v2.5_0824,634,145005477888.0
train,v2.5_3115,635,534438215680.0
train,v2.5_1597,636,890165526528.0
train,v2.5_0858,637,519405830144.0
train,v2.5_0614,638,638020747264.0
train,v2.5_1241,639,329001205760.0
train,v2.5_1929,640,954590035968.0
train,v2.5_1361,641,39090913280.0
train,v2.5_0484,642,44023414784.0
train,v2.5_0823,643,5486149632.0
train,v2.5_0319,644,323884154880.0
train,v2.5_1227,645,24561844224.0
train,v2.5_1273,646,549722259456.0
train,v2.5_1743,647,304456138752.0
train,v2.5_2348,648,728684822528.0
train,v2.5_1127,649,58669924352.0
train,v2.5_0353,650,271992225792.0
train,v2.5_1388,651,378460438528.0
train,v2.5_2168,652,236525191168.0
train,v2.5_1970,653,1132512411648.0
train,v2.5_1746,654,999888519168.0
train,v2.5_0096,655,503098376192.0
train,v2.5_0129,656,197048401920.0
train,v2.5_0532,657,1562646675456.0
train,v2.5_0271,658,227582935040.0
train,v2.5_3239,659,737878736896.0
train,v2.5_0579,660,12247367680.0
train,v2.5_1495,661,750436483072.0
train,v2.5_0113,662,24545067008.0
train,v2.5_1795,663,1779643187200.0
train,v2.5_0778,664,155793227776.0
train,v2.5_1539,665,92476014592.0
train,v2.5_2330,666,400136601600.0
train,v2.5_0263,667,919005560832.0
train,v2.5_1148,668,53016002560.0
train,v2.5_1641,669,517107351552.0
train,v2.5_1073,670,550930219008.0
train,v2.5_0934,671,577404665856.0
train,v2.5_1315,672,740462428160.0
train,v2.5_0996,673,256943063040.0
train,v2.5_1911,674,1212472623104.0
train,v2.5_1817,675,1117362585600.0
train,v2.5_0464,676,253419847680.0
train,v2.5_2310,677,216811962368.0
train,v2.5_1064,678,351784665088.0
train,v2.5_1712,679,203440521216.0
train,v2.5_1390,680,939138220032.0
train,v2.5_0376,681,340728479744.0
train,v2.5_1249,682,169634430976.0
train,v2.5_1840,683,140458852352.0
train,v2.5_1264,684,792572461056.0
train,v2.5_0591,685,827284520960.0
train,v2.5_3208,686,112927440896.0
train,v2.5_0278,687,175305129984.0
train,v2.5_0835,688,720229105664.0
train,v2.5_0034,689,1040170614784.0
train,v2.5_0671,690,793713311744.0
train,v2.5_0122,691,205185351680.0
train,v2.5_0329,692,685332496384.0
train,v2.5_2077,693,179818201088.0
train,v2.5_2038,694,465584521216.0
train,v2.5_0861,695,173107314688.0
train,v2.5_0366,696,347623915520.0
train,v2.5_1231,697,1111339565056.0
train,v2.5_1612,698,627937640448.0
train,v2.5_3094,699,360844361728.0
train,v2.5_2163,700,454075351040.0
train,v2.5_1813,701,133143986176.0
train,v2.5_3045,702,483066380288.0
train,v2.5_1085,703,337540808704.0
train,v2.5_0063,704,159819759616.0
train,v2.5_0513,705,1090217050112.0
train,v2.5_0728,706,150005088256.0
train,v2.5_0543,707,56186896384.0
train,v2.5_1916,708,295144783872.0
train,v2.5_1055,709,889997754368.0
train,v2.5_0625,710,96016007168.0
train,v2.5_2371,711,526569701376.0
train,v2.5_3215,712,366213070848.0
train,v2.5_1723,713,117960605696.0
train,v2.5_2116,714,416410501120.0
train,v2.5_2242,715,51841597440.0
train,v2.5_3280,716,830455414784.0
train,v2.5_0461,717,1093371166720.0
train,v2.5_0285,718,228975443968.0
train,v2.5_1905,719,2664473559040.0
train,v2.5_1835,720,325259886592.0
train,v2.5_3337,721,381899767808.0
train,v2.5_0702,722,1801688449024.0
train,v2.5_2155,723,42563796992.0
train,v2.5_0358,724,84825604096.0
train,v2.5_0820,725,103397982208.0
train,v2.5_0035,726,135744454656.0
train,v2.5_3199,727,982456991744.0
train,v2.5_1880,728,533062483968.0
train,v2.5_1476,729,11022630912.0
train,v2.5_1557,730,121500598272.0
train,v2.5_2069,731,371028131840.0
train,v2.5_0544,732,388224778240.0
train,v2.5_0707,733,250232176640.0
train,v2.5_2117,734,12297699328.0
train,v2.5_0676,735,494491664384.0
train,v2.5_3207,736,430721466368.0
train,v2.5_0582,737,912730882048.0
train,v2.5_3046,738,273300848640.0
train,v2.5_1063,739,99170123776.0
train,v2.5_2178,740,193558740992.0
train,v2.5_3292,741,219815084032.0
train,v2.5_1561,742,600574001152.0
train,v2.5_1210,743,1084277915648.0
train,v2.5_0822,744,166698418176.0
train,v2.5_1823,745,199665647616.0
train,v2.5_0443,746,188240363520.0
train,v2.5_1038,747,264895463424.0
train,v2.5_1939,748,1476713775104.0
train,v2.5_1665,749,293517393920.0
train,v2.5_0687,750,998428901376.0
train,v2.5_3011,751,186042548224.0
train,v2.5_0169,752,775996571648.0
train,v2.5_2388,753,347472920576.0
train,v2.5_1681,754,745998909440.0
train,v2.5_0037,755,85412806656.0
train,v2.5_1692,756,216040210432.0
train,v2.5_0590,757,822905667584.0
train,v2.5_0800,758,1160094154752.0
train,v2.5_0534,759,486321160192.0
train,v2.5_1938,760,17649631232.0
train,v2.5_0398,761,275028901888.0
train,v2.5_1854,762,335359770624.0
train,v2.5_3039,763,252161556480.0
train,v2.5_1222,764,793360990208.0
train,v2.5_1598,765,1266377818112.0
train,v2.5_2299,766,589534593024.0
train,v2.5_2376,767,14797504512.0
train,v2.5_2184,768,344083922944.0
train,v2.5_2160,769,862315347968.0
train,v2.5_1616,770,72813117440.0
train,v2.5_0118,771,442985611264.0
train,v2.5_0058,772,1158852640768.0
train,v2.5_1755,773,387083927552.0
train,v2.5_1800,774,198457688064.0
train,v2.5_0321,775,310730817536.0
train,v2.5_1868,776,1306274037760.0
train,v2.5_1266,777,1342328274944.0
train,v2.5_0866,778,1471194071040.0
train,v2.5_0089,779,606278254592.0
train,v2.5_1012,780,975695773696.0
train,v2.5_0314,781,177939152896.0
train,v2.5_2369,782,1034231480320.0
train,v2.5_0290,783,1063121846272.0
train,v2.5_0985,784,538951286784.0
train,v2.5_0014,785,277058945024.0
train,v2.5_0693,786,1057300152320.0
train,v2.5_1697,787,172989874176.0
train,v2.5_3136,788,784703946752.0
train,v2.5_3037,789,1428999372800.0
train,v2.5_3311,790,15560867840.0
train,v2.5_0134,791,169181446144.0
train,v2.5_1452,792,1985902280704.0
train,v2.5_2396,793,419363291136.0
train,v2.5_3099,794,221559914496.0
train,v2.5_0232,795,854799155200.0
train,v2.5_1071,796,876995411968.0
train,v2.5_1226,797,546803023872.0
train,v2.5_1855,798,636007481344.0
train,v2.5_0318,799,16357785600.0
train,v2.5_0781,800,368612212736.0
train,v2.5_2313,801,730228326400.0
train,v2.5_1673,802,204245827584.0
train,v2.5_1526,803,633457344512.0
train,v2.5_1611,804,157772939264.0
train,v2.5_1540,805,41775267840.0
train,v2.5_1801,806,1502030594048.0
train,v2.5_0420,807,1424066871296.0
train,v2.5_0029,808,177452613632.0
train,v2.5_0888,809,1353216688128.0
train,v2.5_1688,810,44979716096.0
train,v2.5_0743,811,416024625152.0
train,v2.5_0602,812,870854950912.0
train,v2.5_0880,813,161329709056.0
train,v2.5_2018,814,8338276352.0
train,v2.5_1904,815,1177022365696.0
train,v2.5_0508,816,108229820416.0
train,v2.5_0275,817,279617470464.0
train,v2.5_2006,818,2347115741184.0
train,v2.5_1776,819,537911099392.0
train,v2.5_1566,820,422165086208.0
train,v2.5_0406,821,332557975552.0
train,v2.5_1534,822,1446439288832.0
train,v2.5_1875,823,525898612736.0
train,v2.5_0552,824,288953991168.0
train,v2.5_0914,825,1099964612608.0
train,v2.5_1953,826,418457321472.0
train,v2.5_1671,827,241893900288.0
train,v2.5_0765,828,1295083634688.0
train,v2.5_1458,829,432734732288.0
train,v2.5_0495,830,706807332864.0
train,v2.5_1037,831,2182548029440.0
train,v2.5_0670,832,1579239342080.0
train,v2.5_2318,833,227079618560.0
train,v2.5_1789,834,188794011648.0
train,v2.5_2210,835,351818219520.0
train,v2.5_2403,836,53519319040.0
train,v2.5_1578,837,199313326080.0
train,v2.5_0640,838,1416651341824.0
train,v2.5_3247,839,132120576000.0
train,v2.5_1827,840,4479516672.0
train,v2.5_0018,841,1766305300480.0
train,v2.5_1567,842,872515895296.0
train,v2.5_0637,843,814248624128.0
train,v2.5_1261,844,272763977728.0
train,v2.5_0342,845,220200960000.0
train,v2.5_0837,846,499877150720.0
train,v2.5_0439,847,33504100352.0
train,v2.5_0165,848,471540432896.0
train,v2.5_2126,849,1518472265728.0
train,v2.5_1233,850,149719875584.0
train,v2.5_0784,851,824885379072.0
train,v2.5_2019,852,695767924736.0
train,v2.5_0397,853,266791288832.0
train,v2.5_0713,854,148646133760.0
train,v2.5_0292,855,79205236736.0
train,v2.5_0479,856,794216628224.0
train,v2.5_0070,857,1862908510208.0
train,v2.5_0194,858,1026916614144.0
train,v2.5_3162,859,138898571264.0
train,v2.5_1943,860,807957168128.0
train,v2.5_3313,861,501605203968.0
train,v2.5_0106,862,1115147993088.0
train,v2.5_3335,863,251171700736.0
train,v2.5_0447,864,1029651300352.0
train,v2.5_2246,865,2014809423872.0
train,v2.5_0775,866,1606485540864.0
train,v2.5_3302,867,336332849152.0
train,v2.5_0666,868,275062456320.0
train,v2.5_1694,869,402334416896.0
train,v2.5_3114,870,267747590144.0
train,v2.5_1631,871,1066057859072.0
train,v2.5_0262,872,23773315072.0
train,v2.5_0859,873,24628953088.0
train,v2.5_1375,874,566835019776.0
train,v2.5_2063,875,459225956352.0
train,v2.5_1593,876,173157646336.0
train,v2.5_3316,877,1067341316096.0
train,v2.5_3266,878,378745651200.0
train,v2.5_1363,879,1309117775872.0
train,v2.5_3030,880,90596966400.0
train,v2.5_1632,881,220435841024.0
train,v2.5_1278,882,446139727872.0
train,v2.5_1310,883,51271172096.0
train,v2.5_0383,884,1610629513216.0
train,v2.5_0239,885,245433892864.0
train,v2.5_1675,886,721000857600.0
train,v2.5_1176,887,252463546368.0
train,v2.5_0360,888,285967646720.0
train,v2.5_1615,889,363696488448.0
train,v2.5_1833,890,566029713408.0
train,v2.5_1858,891,45399146496.0
train,v2.5_0301,892,349184196608.0
train,v2.5_1113,893,295060897792.0
train,v2.5_3150,894,1086777720832.0
train,v2.5_1207,895,265029681152.0
train,v2.5_2394,896,92593455104.0
train,v2.5_0146,897,570022690816.0
train,v2.5_0246,898,163712073728.0
train,v2.5_1066,899,783781199872.0
train,v2.5_1397,900,14495514624.0
train,v2.5_2363,901,794015301632.0
train,v2.5_3074,902,634178764800.0
train,v2.5_1644,903,390858801152.0
train,v2.5_1483,904,371380453376.0
train,v2.5_0476,905,159517769728.0
train,v2.5_3328,906,230200180736.0
train,v2.5_3141,907,543346917376.0
train,v2.5_1519,908,767490523136.0
train,v2.5_1947,909,736083574784.0
train,v2.5_1188,910,438472540160.0
train,v2.5_0586,911,798712922112.0
train,v2.5_0539,912,1111146627072.0
train,v2.5_2267,913,742358253568.0
train,v2.5_2368,914,195790110720.0
train,v2.5_1157,915,855185031168.0
train,v2.5_3078,916,305227890688.0
train,v2.5_0386,917,265499443200.0
train,v2.5_0726,918,952794873856.0
train,v2.5_0259,919,560140910592.0
train,v2.5_1949,920,235350786048.0
train,v2.5_0714,921,1008310681600.0
train,v2.5_0933,922,321820557312.0
train,v2.5_1082,923,402518966272.0
train,v2.5_1089,924,501454209024.0
train,v2.5_1350,925,620622774272.0
train,v2.5_2231,926,735714476032.0
train,v2.5_1288,927,792941559808.0
train,v2.5_1256,928,178459246592.0
train,v2.5_3345,929,780861964288.0
train,v2.5_2064,930,998428901376.0
train,v2.5_0545,931,1067064492032.0
train,v2.5_1653,932,69944213504.0
train,v2.5_1533,933,177469390848.0
train,v2.5_2162,934,791867817984.0
train,v2.5_3157,935,483804577792.0
train,v2.5_2165,936,1115399651328.0
train,v2.5_1271,937,350425710592.0
train,v2.5_3347,938,270717157376.0
train,v2.5_0405,939,644916183040.0
train,v2.5_1583,940,612519378944.0
train,v2.5_0634,941,109521666048.0
train,v2.5_1308,942,1478844481536.0
train,v2.5_1814,943,496840474624.0
train,v2.5_0921,944,219462762496.0
train,v2.5_0872,945,771416391680.0
train,v2.5_0330,946,3340704415744.0
train,v2.5_2041,947,3310983577600.0
train,v2.5_3272,948,2901904719872.0
train,v2.5_1679,949,1282668494848.0
train,v2.5_0812,950,44677726208.0
train,v2.5_2149,951,162084683776.0
train,v2.5_1554,952,101367939072.0
train,v2.5_0315,953,73786195968.0
train,v2.5_1449,954,255969984512.0
train,v2.5_1571,955,3331158179840.0
train,v2.5_1839,956,409917718528.0
train,v2.5_2005,957,1742464876544.0
train,v2.5_1987,958,566222651392.0
train,v2.5_0240,959,69843550208.0
train,v2.5_1589,960,659982123008.0
train,v2.5_1999,961,1784726683648.0
train,v2.5_0421,962,1353820667904.0
train,v2.5_1934,963,405186543616.0
train,v2.5_2283,964,487143243776.0
train,v2.5_3153,965,258872442880.0
train,v2.5_0101,966,190438178816.0
train,v2.5_3062,967,345392545792.0
train,v2.5_0136,968,437684011008.0
train,v2.5_1153,969,966032097280.0
train,v2.5_1709,970,292292657152.0
train,v2.5_0500,971,441978978304.0
train,v2.5_1857,972,54542729216.0
train,v2.5_2223,973,1351639629824.0
train,v2.5_0851,974,483267706880.0
train,v2.5_0138,975,198625460224.0
train,v2.5_2301,976,420906795008.0
train,v2.5_0087,977,173912621056.0
train,v2.5_1488,978,768379715584.0
train,v2.5_0923,979,147891159040.0
train,v2.5_0958,980,177553276928.0
train,v2.5_1094,981,463890022400.0
train,v2.5_0411,982,261389025280.0
train,v2.5_2193,983,374484238336.0
train,v2.5_0522,984,559822143488.0
train,v2.5_1152,985,251792457728.0
train,v2.5_1257,986,308046462976.0
train,v2.5_0659,987,1191031341056.0
train,v2.5_0803,988,500212695040.0
train,v2.5_0627,989,411477999616.0
train,v2.5_1950,990,471557210112.0
train,v2.5_0237,991,208993779712.0
train,v2.5_0181,992,904090615808.0
train,v2.5_0976,993,653774553088.0
train,v2.5_0249,994,595893157888.0
train,v2.5_0890,995,134972702720.0
train,v2.5_0827,996,97895055360.0
train,v2.5_3278,997,349721067520.0
train,v2.5_0616,998,600523669504.0
train,v2.5_1635,999,664184815616.0
train,v2.5_0759,1000,1560750850048.0
train,v2.5_2046,1001,919995416576.0
train,v2.5_0850,1002,550041026560.0
train,v2.5_0286,1003,272898195456.0
train,v2.5_2004,1004,2560840695808.0
train,v2.5_1056,1005,48150609920.0
train,v2.5_2179,1006,18203279360.0
train,v2.5_3190,1007,401814323200.0
train,v2.5_1357,1008,29662117888.0
train,v2.5_3312,1009,1082734411776.0
train,v2.5_1454,1010,341047246848.0
train,v2.5_0489,1011,610455781376.0
train,v2.5_0417,1012,497176018944.0
train,v2.5_1383,1013,846695759872.0
train,v2.5_2335,1014,365206437888.0
train,v2.5_1351,1015,56857985024.0
train,v2.5_0669,1016,651996168192.0
train,v2.5_3222,1017,944708255744.0
train,v2.5_1627,1018,613307908096.0
train,v2.5_1404,1019,1080939249664.0
train,v2.5_1074,1020,368427663360.0
train,v2.5_0231,1021,551836188672.0
train,v2.5_3059,1022,142992211968.0
train,v2.5_1096,1023,143461974016.0
train,v2.5_0540,1024,468050771968.0
train,v2.5_0265,1025,273502175232.0
train,v2.5_1711,1026,227046064128.0
train,v2.5_2143,1027,617317662720.0
train,v2.5_1411,1028,87560290304.0
train,v2.5_1994,1029,978967330816.0
train,v2.5_0222,1030,817184636928.0
train,v2.5_2075,1031,2873626722304.0
train,v2.5_0639,1032,1236665368576.0
train,v2.5_1856,1033,301167804416.0
train,v2.5_1135,1034,414430789632.0
train,v2.5_0322,1035,1291124211712.0
train,v2.5_0882,1036,512527171584.0
train,v2.5_3256,1037,295446773760.0
train,v2.5_1173,1038,102542344192.0
train,v2.5_3348,1039,702277484544.0
train,v2.5_3043,1040,50751078400.0
train,v2.5_1782,1041,770812411904.0
train,v2.5_0030,1042,537441337344.0
train,v2.5_3338,1043,362824073216.0
train,v2.5_0143,1044,59559116800.0
train,v2.5_3173,1045,708585717760.0
train,v2.5_0528,1046,245064794112.0
train,v2.5_3012,1047,105813901312.0
train,v2.5_1902,1048,5425013456896.0
train,v2.5_1468,1049,475113979904.0
train,v2.5_1192,1050,436174061568.0
train,v2.5_1140,1051,426409721856.0
train,v2.5_0123,1052,195907551232.0
train,v2.5_0884,1053,1036966166528.0
train,v2.5_0455,1054,79071019008.0
train,v2.5_1989,1055,877146406912.0
train,v2.5_1747,1056,775510032384.0
train,v2.5_1838,1057,62377689088.0
train,v2.5_1818,1058,816396107776.0
train,v2.5_0657,1059,88097161216.0
train,v2.5_2060,1060,694778068992.0
train,v2.5_0856,1061,2345672900608.0
train,v2.5_1293,1062,184448712704.0
train,v2.5_1654,1063,528465526784.0
train,v2.5_1514,1064,657079664640.0
train,v2.5_1888,1065,1749427421184.0
train,v2.5_3298,1066,462531067904.0
train,v2.5_1099,1067,240400728064.0
train,v2.5_0510,1068,2692961271808.0
train,v2.5_3050,1069,258385903616.0
train,v2.5_1961,1070,526032830464.0
train,v2.5_0975,1071,275800653824.0
train,v2.5_0769,1072,92694118400.0
train,v2.5_0187,1073,371648888832.0
train,v2.5_1239,1074,133093654528.0
train,v2.5_3081,1075,90328530944.0
train,v2.5_0069,1076,750428094464.0
train,v2.5_3149,1077,29108469760.0
train,v2.5_1509,1078,1594473054208.0
train,v2.5_0817,1079,731671166976.0
train,v2.5_1719,1080,805222481920.0
train,v2.5_0114,1081,734825283584.0
train,v2.5_1760,1082,881038721024.0
train,v2.5_2226,1083,48704258048.0
train,v2.5_1917,1084,116115111936.0
train,v2.5_1334,1085,210906382336.0
train,v2.5_1060,1086,773781979136.0
train,v2.5_0115,1087,217164283904.0
train,v2.5_1026,1088,11586043379712.0
train,v2.5_0229,1089,581196316672.0
train,v2.5_0040,1090,124151398400.0
train,v2.5_2384,1091,170204856320.0
train,v2.5_0167,1092,307207602176.0
train,v2.5_1049,1093,1102925791232.0
train,v2.5_0491,1094,281286803456.0
train,v2.5_1062,1095,284457697280.0
train,v2.5_0121,1096,259308650496.0
train,v2.5_2370,1097,1292281839616.0
train,v2.5_3330,1098,1758990434304.0
train,v2.5_2386,1099,616277475328.0
train,v2.5_0202,1100,591900180480.0
train,v2.5_0307,1101,1159909605376.0
train,v2.5_2402,1102,272747200512.0
train,v2.5_0294,1103,361129574400.0
train,v2.5_0011,1104,2105003737088.0
train,v2.5_1118,1105,569368379392.0
train,v2.5_0144,1106,389466292224.0
train,v2.5_0415,1107,131952803840.0
train,v2.5_1810,1108,431224782848.0
train,v2.5_1897,1109,867046522880.0
train,v2.5_2188,1110,1915572191232.0
train,v2.5_0990,1111,325511544832.0
train,v2.5_3113,1112,953449185280.0
train,v2.5_1924,1113,596245479424.0
train,v2.5_1498,1114,305060118528.0
train,v2.5_0149,1115,855763845120.0
train,v2.5_1705,1116,681859612672.0
train,v2.5_1849,1117,64642613248.0
train,v2.5_2356,1118,607251333120.0
train,v2.5_1664,1119,56841207808.0
train,v2.5_0099,1120,630638772224.0
train,v2.5_3244,1121,227608100864.0
train,v2.5_1265,1122,2003744849920.0
train,v2.5_1599,1123,209648091136.0
train,v2.5_0588,1124,623139356672.0
train,v2.5_0624,1125,1753923715072.0
train,v2.5_1724,1126,551668416512.0
train,v2.5_1629,1127,49308237824.0
train,v2.5_3008,1128,329319972864.0
train,v2.5_0467,1129,231844347904.0
train,v2.5_1954,1130,450787016704.0
train,v2.5_3270,1131,438942302208.0
train,v2.5_0234,1132,515446407168.0
train,v2.5_1605,1133,186327760896.0
train,v2.5_1429,1134,148058931200.0
train,v2.5_0988,1135,411511554048.0
train,v2.5_0942,1136,72158806016.0
train,v2.5_1338,1137,630403891200.0
train,v2.5_2262,1138,182552887296.0
train,v2.5_0559,1139,435167428608.0
train,v2.5_2398,1140,409330515968.0
train,v2.5_3211,1141,4161605206016.0
train,v2.5_2308,1142,631846731776.0
train,v2.5_1196,1143,2027979538432.0
train,v2.5_1435,1144,906439426048.0
train,v2.5_3238,1145,80077651968.0
train,v2.5_1326,1146,877767163904.0
train,v2.5_0174,1147,357086265344.0
train,v2.5_1766,1148,904023506944.0
train,v2.5_0260,1149,1619454328832.0
train,v2.5_1111,1150,47647293440.0
train,v2.5_1392,1151,1397558870016.0
train,v2.5_3160,1152,180136968192.0
train,v2.5_1272,1153,465869733888.0
train,v2.5_2091,1154,1010508496896.0
train,v2.5_0577,1155,273317625856.0
train,v2.5_3089,1156,1692317777920.0
train,v2.5_0150,1157,175523233792.0
train,v2.5_0783,1158,839229898752.0
train,v2.5_1596,1159,425604415488.0
train,v2.5_0779,1160,857466732544.0
train,v2.5_1253,1161,167872823296.0
train,v2.5_1834,1162,914626707456.0
train,v2.5_2271,1163,82560679936.0
train,v2.5_2256,1164,480398802944.0
train,v2.5_1685,1165,1031396130816.0
train,v2.5_0472,1166,108749914112.0
train,v2.5_1100,1167,329521299456.0
train,v2.5_2340,1168,890668843008.0
train,v2.5_1722,1169,870234193920.0
train,v2.5_0536,1170,80715186176.0
train,v2.5_1319,1171,561785077760.0
train,v2.5_2076,1172,181177155584.0
train,v2.5_0900,1173,11089739776.0
train,v2.5_2317,1174,2040025579520.0
train,v2.5_2211,1175,38352715776.0
train,v2.5_1820,1176,1835595202560.0
train,v2.5_0847,1177,647868973056.0
train,v2.5_2380,1178,1050572488704.0
train,v2.5_0163,1179,587336777728.0
train,v2.5_2037,1180,213490073600.0
train,v2.5_1161,1181,8086618112.0
train,v2.5_0373,1182,361800663040.0
train,v2.5_1246,1183,291923558400.0
train,v2.5_2311,1184,515060531200.0
train,v2.5_1356,1185,1037687586816.0
train,v2.5_0862,1186,404096024576.0
train,v2.5_3034,1187,474593886208.0
train,v2.5_1170,1188,673974321152.0
train,v2.5_2352,1189,834867822592.0
train,v2.5_2359,1190,251993784320.0
train,v2.5_1606,1191,612167057408.0
train,v2.5_2147,1192,291135029248.0
train,v2.5_3021,1193,958859837440.0
train,v2.5_0108,1194,44828721152.0
train,v2.5_0952,1195,19612565504.0
train,v2.5_1532,1196,942778875904.0
train,v2.5_0473,1197,826831536128.0
train,v2.5_0215,1198,230317621248.0
train,v2.5_0891,1199,632014503936.0
train,v2.5_1129,1200,3033572311040.0
train,v2.5_1086,1201,546870132736.0
train,v2.5_1884,1202,116148666368.0
train,v2.5_0578,1203,180422180864.0
train,v2.5_3038,1204,31557943296.0
train,v2.5_0226,1205,1090149941248.0
train,v2.5_0631,1206,366515060736.0
train,v2.5_1659,1207,252513878016.0
train,v2.5_1025,1208,158209146880.0
train,v2.5_1736,1209,1238510862336.0
train,v2.5_0518,1210,258318794752.0
train,v2.5_1522,1211,1170303090688.0
train,v2.5_0091,1212,1287533887488.0
train,v2.5_1991,1213,193927839744.0
train,v2.5_2044,1214,578042200064.0
train,v2.5_3140,1215,403945029632.0
train,v2.5_3002,1216,259140878336.0
train,v2.5_0623,1217,1371621294080.0
train,v2.5_2164,1218,215486562304.0
train,v2.5_3033,1219,380876357632.0
train,v2.5_1767,1220,381849436160.0
train,v2.5_3148,1221,679275921408.0
train,v2.5_3236,1222,156732751872.0
train,v2.5_1125,1223,466607931392.0
train,v2.5_3071,1224,257949696000.0
train,v2.5_1444,1225,402485411840.0
train,v2.5_3288,1226,625622384640.0
train,v2.5_1419,1227,239595421696.0
train,v2.5_2319,1228,212969979904.0
train,v2.5_2277,1229,244477591552.0
train,v2.5_3112,1230,95747571712.0
train,v2.5_1447,1231,352187318272.0
train,v2.5_1117,1232,770275540992.0
train,v2.5_0310,1233,1888946749440.0
train,v2.5_2314,1234,43436212224.0
train,v2.5_0630,1235,62109253632.0
train,v2.5_0008,1236,365827194880.0
train,v2.5_0179,1237,104354283520.0
train,v2.5_2002,1238,2438702563328.0
train,v2.5_1459,1239,2446772404224.0
train,v2.5_3245,1240,162101460992.0
train,v2.5_2014,1241,413273161728.0
train,v2.5_1011,1242,154216169472.0
train,v2.5_1901,1243,538951286784.0
train,v2.5_3179,1244,299188092928.0
train,v2.5_1634,1245,374064807936.0
train,v2.5_3184,1246,1406333353984.0
train,v2.5_1572,1247,1071174909952.0
train,v2.5_2286,1248,60548972544.0
train,v2.5_2201,1249,2675831734272.0
train,v2.5_0347,1250,291369910272.0
train,v2.5_1663,1251,1032318877696.0
train,v2.5_2383,1252,35920019456.0
train,v2.5_2161,1253,996264640512.0
train,v2.5_0551,1254,769604452352.0
train,v2.5_0760,1255,744539291648.0
train,v2.5_1408,1256,41674604544.0
train,v2.5_3006,1257,191579029504.0
train,v2.5_0311,1258,203960614912.0
train,v2.5_0700,1259,1683811729408.0
train,v2.5_0021,1260,400958685184.0
train,v2.5_0408,1261,294012321792.0
train,v2.5_1769,1262,381564223488.0
train,v2.5_1242,1263,432885727232.0
train,v2.5_1337,1264,321862500352.0
train,v2.5_0178,1265,14411628544.0
train,v2.5_0337,1266,799316901888.0
train,v2.5_0720,1267,932821598208.0
train,v2.5_1443,1268,933853396992.0
train,v2.5_1748,1269,329739403264.0
train,v2.5_1406,1270,19914555392.0
train,v2.5_0913,1271,679410139136.0
train,v2.5_3014,1272,973078528.0
train,v2.5_0247,1273,470869344256.0
train,v2.5_1415,1274,415135432704.0
train,v2.5_3076,1275,1058474557440.0
train,v2.5_1633,1276,140140085248.0
train,v2.5_1805,1277,1225474965504.0
train,v2.5_0028,1278,84926267392.0
train,v2.5_0364,1279,3689662119936.0
train,v2.5_0830,1280,594500648960.0
train,v2.5_1175,1281,1783434838016.0
train,v2.5_2170,1282,1277551443968.0
train,v2.5_1228,1283,249158434816.0
train,v2.5_1706,1284,276522074112.0
train,v2.5_0414,1285,792740233216.0
train,v2.5_0938,1286,4042252091392.0
train,v2.5_1005,1287,196964515840.0
train,v2.5_0603,1288,607284887552.0
train,v2.5_0020,1289,125392912384.0
train,v2.5_1496,1290,1484968165376.0
train,v2.5_0053,1291,571532640256.0
train,v2.5_0004,1292,264207597568.0
train,v2.5_1469,1293,333078069248.0
train,v2.5_3117,1294,397754236928.0
train,v2.5_1553,1295,29276241920.0
train,v2.5_0965,1296,713685991424.0
train,v2.5_0570,1297,188592685056.0
train,v2.5_0015,1298,10083106816.0
train,v2.5_1930,1299,481724203008.0
train,v2.5_2093,1300,210067521536.0
train,v2.5_2183,1301,169516990464.0
train,v2.5_0050,1302,121987137536.0
train,v2.5_1146,1303,735060164608.0
train,v2.5_1413,1304,370004721664.0
train,v2.5_0218,1305,633440567296.0
train,v2.5_3291,1306,6023020544.0
train,v2.5_0937,1307,307761250304.0
train,v2.5_0555,1308,422735511552.0
train,v2.5_0324,1309,992858865664.0
train,v2.5_3100,1310,75614912512.0
train,v2.5_1198,1311,1576169111552.0
train,v2.5_1216,1312,340829143040.0
train,v2.5_3237,1313,1558720806912.0
train,v2.5_1255,1314,134821707776.0
train,v2.5_1433,1315,57361301504.0
train,v2.5_2232,1316,1010659491840.0
train,v2.5_1505,1317,29796335616.0
train,v2.5_2159,1318,367572025344.0
train,v2.5_0977,1319,628910718976.0
train,v2.5_3159,1320,1563602976768.0
train,v2.5_3127,1321,216828739584.0
train,v2.5_0678,1322,393056616448.0
train,v2.5_3041,1323,167621165056.0
train,v2.5_1549,1324,437684011008.0
train,v2.5_1510,1325,164030840832.0
train,v2.5_0374,1326,390909132800.0
train,v2.5_1626,1327,785106599936.0
train,v2.5_0363,1328,183777624064.0
train,v2.5_1344,1329,257077280768.0
train,v2.5_2180,1330,838810468352.0
train,v2.5_1067,1331,19344130048.0
train,v2.5_3275,1332,2862696366080.0
train,v2.5_3196,1333,339889618944.0
train,v2.5_0505,1334,335712092160.0
train,v2.5_3201,1335,675215835136.0
train,v2.5_0537,1336,124050735104.0
train,v2.5_1374,1337,765829578752.0
train,v2.5_1470,1338,744321187840.0
train,v2.5_0164,1339,21760049152.0
train,v2.5_3286,1340,23924310016.0
train,v2.5_1280,1341,289809629184.0
train,v2.5_0773,1342,759940775936.0
train,v2.5_1602,1343,114588385280.0
train,v2.5_0433,1344,682765582336.0
train,v2.5_0636,1345,1138216665088.0
train,v2.5_0791,1346,71001178112.0
train,v2.5_1684,1347,719105032192.0
train,v2.5_1381,1348,440234147840.0
train,v2.5_1368,1349,561432756224.0
train,v2.5_1734,1350,415588417536.0
train,v2.5_1651,1351,555007082496.0
train,v2.5_2287,1352,151565369344.0
train,v2.5_2135,1353,485733957632.0
train,v2.5_0789,1354,575290736640.0
train,v2.5_1365,1355,1703390740480.0
train,v2.5_1601,1356,62193139712.0
train,v2.5_0243,1357,2406624526336.0
train,v2.5_1515,1358,3106427371520.0
train,v2.5_0697,1359,111685926912.0
train,v2.5_1124,1360,416880263168.0
train,v2.5_2399,1361,58904805376.0
train,v2.5_0580,1362,1265471848448.0
train,v2.5_2307,1363,431610658816.0
train,v2.5_0607,1364,874831151104.0
train,v2.5_1137,1365,744270856192.0
train,v2.5_3230,1366,424463564800.0
train,v2.5_0471,1367,858439811072.0
train,v2.5_0372,1368,91939143680.0
train,v2.5_1771,1369,342238429184.0
train,v2.5_0799,1370,228170137600.0
train,v2.5_1502,1371,331383570432.0
train,v2.5_2312,1372,144971923456.0
train,v2.5_0426,1373,4057561300992.0
train,v2.5_1918,1374,26055016448.0
train,v2.5_2265,1375,1111608000512.0
train,v2.5_1988,1376,453840470016.0
train,v2.5_0203,1377,168845901824.0
train,v2.5_0794,1378,73601646592.0
train,v2.5_0211,1379,479635439616.0
train,v2.5_2337,1380,721688723456.0
train,v2.5_0252,1381,393576710144.0
train,v2.5_0886,1382,1784592465920.0
train,v2.5_0077,1383,101753815040.0
train,v2.5_0336,1384,91771371520.0
train,v2.5_0227,1385,261120589824.0
train,v2.5_1225,1386,1019870183424.0
train,v2.5_1548,1387,147471728640.0
train,v2.5_1847,1388,435586859008.0
train,v2.5_1585,1389,117440512.0
train,v2.5_3241,1390,1102514749440.0
train,v2.5_1373,1391,566046490624.0
train,v2.5_1122,1392,499071844352.0
train,v2.5_1309,1393,803544760320.0
train,v2.5_2016,1394,733617324032.0
train,v2.5_3303,1395,92610232320.0
train,v2.5_1424,1396,850529353728.0
train,v2.5_2215,1397,1306072711168.0
train,v2.5_2295,1398,295463550976.0
train,v2.5_0629,1399,1252586946560.0
train,v2.5_1325,1400,208607903744.0
train,v2.5_0899,1401,708032069632.0
train,v2.5_3025,1402,413491265536.0
train,v2.5_1201,1403,750360985600.0
train,v2.5_0517,1404,474057015296.0
train,v2.5_0236,1405,305982865408.0
train,v2.5_1217,1406,1533991190528.0
train,v2.5_1003,1407,613677006848.0
train,v2.5_0807,1408,225703886848.0
train,v2.5_1809,1409,1264414883840.0
train,v2.5_0618,1410,353764376576.0
train,v2.5_0922,1411,6325010432.0
train,v2.5_0009,1412,443589591040.0
train,v2.5_2373,1413,222633656320.0
train,v2.5_1426,1414,459175624704.0
train,v2.5_0024,1415,92442460160.0
train,v2.5_3096,1416,229596200960.0
train,v2.5_3321,1417,213406187520.0
train,v2.5_0141,1418,549671927808.0
train,v2.5_0960,1419,2055930380288.0
train,v2.5_1262,1420,998814777344.0
train,v2.5_2062,1421,975863545856.0
train,v2.5_1525,1422,361096019968.0
train,v2.5_3218,1423,415101878272.0
train,v2.5_1559,1424,1086568005632.0
train,v2.5_0493,1425,351818219520.0
train,v2.5_1742,1426,700348104704.0
train,v2.5_3155,1427,297376153600.0
train,v2.5_0423,1428,616982118400.0
train,v2.5_3202,1429,127154520064.0
train,v2.5_3182,1430,2274873049088.0
train,v2.5_2181,1431,226358198272.0
train,v2.5_1499,1432,1069547520000.0
train,v2.5_1244,1433,138982457344.0
train,v2.5_1698,1434,115712458752.0
train,v2.5_1487,1435,193005092864.0
train,v2.5_0764,1436,690634096640.0
train,v2.5_0864,1437,882179571712.0
train,v2.5_0853,1438,468369539072.0
train,v2.5_0931,1439,451290333184.0
train,v2.5_2294,1440,356113186816.0
train,v2.5_0992,1441,737610301440.0
train,v2.5_3040,1442,701824499712.0
train,v2.5_3174,1443,373074952192.0
train,v2.5_3331,1444,720698867712.0
train,v2.5_2208,1445,501991079936.0
train,v2.5_1432,1446,384785448960.0
train,v2.5_3271,1447,8355053568.0
train,v2.5_3163,1448,311905222656.0
train,v2.5_0343,1449,774721503232.0
train,v2.5_0712,1450,292795973632.0
train,v2.5_1046,1451,461155336192.0
train,v2.5_1588,1452,301201358848.0
train,v2.5_3101,1453,146968412160.0
train,v2.5_0912,1454,35332816896.0
train,v2.5_0736,1455,376044519424.0
train,v2.5_0553,1456,417215807488.0
train,v2.5_1172,1457,220955934720.0
train,v2.5_1306,1458,191209930752.0
train,v2.5_0002,1459,148612579328.0
train,v2.5_0157,1460,300781928448.0
train,v2.5_2001,1461,2897207099392.0
train,v2.5_1670,1462,669998120960.0
train,v2.5_0805,1463,587001233408.0
train,v2.5_1034,1464,889343442944.0
train,v2.5_1638,1465,55968792576.0
train,v2.5_0644,1466,126919639040.0
train,v2.5_1701,1467,535495180288.0
train,v2.5_0103,1468,2559246860288.0
train,v2.5_2304,1469,498300092416.0
train,v2.5_1169,1470,1054682906624.0
train,v2.5_3258,1471,332591529984.0
train,v2.5_1923,1472,1071393013760.0
train,v2.5_0611,1473,375927078912.0
train,v2.5_2273,1474,405740191744.0
train,v2.5_2213,1475,860536963072.0
train,v2.5_1107,1476,67360522240.0
train,v2.5_3172,1477,465450303488.0
train,v2.5_1727,1478,357153374208.0
train,v2.5_2182,1479,783646982144.0
train,v2.5_3105,1480,1098538549248.0
train,v2.5_1977,1481,240467836928.0
train,v2.5_0587,1482,1193480814592.0
train,v2.5_2233,1483,803041443840.0
train,v2.5_1586,1484,433657479168.0
train,v2.5_3139,1485,330326605824.0
train,v2.5_0998,1486,2190533984256.0
train,v2.5_1001,1487,78601256960.0
train,v2.5_0189,1488,369887281152.0
train,v2.5_2065,1489,117977382912.0
train,v2.5_1007,1490,146028888064.0
train,v2.5_1563,1491,84758495232.0
train,v2.5_0535,1492,804652056576.0
train,v2.5_0394,1493,2007997874176.0
train,v2.5_3192,1494,1838363443200.0
train,v2.5_2192,1495,104454946816.0
train,v2.5_1439,1496,781449166848.0
train,v2.5_0801,1497,671373852672.0
train,v2.5_2342,1498,662498705408.0
train,v2.5_3092,1499,309875179520.0
train,v2.5_1423,1500,797253304320.0
train,v2.5_1584,1501,479123734528.0
train,v2.5_1446,1502,245140291584.0
train,v2.5_0477,1503,232397996032.0
train,v2.5_0267,1504,357807685632.0
train,v2.5_0382,1505,198306693120.0
train,v2.5_0971,1506,316418293760.0
train,v2.5_2372,1507,1764686299136.0
train,v2.5_1680,1508,1398422896640.0
train,v2.5_0609,1509,308314898432.0
train,v2.5_1516,1510,2766646804480.0
train,v2.5_0281,1511,318414782464.0
train,v2.5_1076,1512,328934096896.0
train,v2.5_0127,1513,299271979008.0
train,v2.5_0747,1514,724037533696.0
train,v2.5_1555,1515,423977025536.0
train,v2.5_3235,1516,2403453632512.0
train,v2.5_1980,1517,365265158144.0
train,v2.5_2045,1518,956787851264.0
train,v2.5_1978,1519,374232580096.0
train,v2.5_1577,1520,611261087744.0
train,v2.5_2097,1521,1014920904704.0
train,v2.5_0656,1522,557389447168.0
train,v2.5_1399,1523,431208005632.0
train,v2.5_0879,1524,848943906816.0
train,v2.5_1075,1525,9328132096.0
train,v2.5_0566,1526,319488524288.0
train,v2.5_0695,1527,324085481472.0
train,v2.5_1077,1528,2122418487296.0
train,v2.5_0632,1529,629330149376.0
train,v2.5_3304,1530,879528771584.0
train,v2.5_1020,1531,4479516672.0
train,v2.5_0176,1532,375859970048.0
train,v2.5_2171,1533,205067911168.0
train,v2.5_0718,1534,703468666880.0
train,v2.5_0441,1535,939775754240.0
train,v2.5_3091,1536,143864627200.0
train,v2.5_1043,1537,1336372363264.0
train,v2.5_0867,1538,250685161472.0
train,v2.5_0147,1539,657499095040.0
train,v2.5_1097,1540,402317639680.0
train,v2.5_3324,1541,416729268224.0
train,v2.5_2325,1542,324572020736.0
train,v2.5_0012,1543,5817231212544.0
train,v2.5_1123,1544,12465471488.0
train,v2.5_2240,1545,1172752564224.0
train,v2.5_3259,1546,423188496384.0
train,v2.5_0041,1547,508920070144.0
train,v2.5_1395,1548,407233363968.0
train,v2.5_0947,1549,279743299584.0
train,v2.5_1960,1550,319270420480.0
train,v2.5_0797,1551,76688654336.0
train,v2.5_0419,1552,121970360320.0
train,v2.5_0230,1553,305882202112.0
train,v2.5_0787,1554,102928220160.0
train,v2.5_0672,1555,1179002077184.0
train,v2.5_0161,1556,100680073216.0
train,v2.5_1762,1557,437868560384.0
train,v2.5_0313,1558,311854891008.0
train,v2.5_0613,1559,199749533696.0
train,v2.5_2113,1560,609516257280.0
train,v2.5_0809,1561,5939134464.0
train,v2.5_1832,1562,281085476864.0
train,v2.5_1951,1563,295916535808.0
train,v2.5_2197,1564,644010213376.0
train,v2.5_0503,1565,65934458880.0
train,v2.5_1829,1566,308382007296.0
train,v2.5_3315,1567,183031037952.0
train,v2.5_1501,1568,1875290095616.0
train,v2.5_3240,1569,610959097856.0
train,v2.5_0116,1570,879511994368.0
train,v2.5_1520,1571,1940083703808.0
train,v2.5_3228,1572,1103873703936.0
train,v2.5_0876,1573,287762808832.0
train,v2.5_1339,1574,1125885411328.0
train,v2.5_1396,1575,339923173376.0
train,v2.5_3189,1576,973900611584.0
train,v2.5_0158,1577,234042163200.0
train,v2.5_1219,1578,230552502272.0
train,v2.5_1773,1579,387503357952.0
train,v2.5_0456,1580,437969223680.0
train,v2.5_2196,1581,395724193792.0
train,v2.5_2333,1582,423373045760.0
train,v2.5_1090,1583,527274344448.0
train,v2.5_1180,1584,424564228096.0
train,v2.5_1730,1585,2042475053056.0
train,v2.5_0287,1586,2390988161024.0
train,v2.5_2218,1587,743398440960.0
train,v2.5_0871,1588,320025395200.0
train,v2.5_0305,1589,514641100800.0
train,v2.5_0308,1590,37480300544.0
train,v2.5_0848,1591,23622320128.0
train,v2.5_0019,1592,458789748736.0
train,v2.5_0331,1593,517057019904.0
train,v2.5_3251,1594,256112590848.0
train,v2.5_0995,1595,127271960576.0
train,v2.5_0649,1596,1828817207296.0
train,v2.5_0877,1597,374282911744.0
train,v2.5_0717,1598,109605552128.0
train,v2.5_0453,1599,428557205504.0
train,v2.5_0865,1600,48435822592.0
train,v2.5_0442,1601,1077667692544.0
train,v2.5_1946,1602,683336007680.0
train,v2.5_0986,1603,2618856308736.0
train,v2.5_1984,1604,262798311424.0
train,v2.5_0796,1605,3018036609024.0
train,v2.5_1147,1606,735076941824.0
train,v2.5_1521,1607,718165508096.0
train,v2.5_0224,1608,431392555008.0
train,v2.5_1105,1609,457078472704.0
train,v2.5_1109,1610,470500245504.0
train,v2.5_0264,1611,22330474496.0
train,v2.5_0855,1612,1753739165696.0
train,v2.5_2288,1613,146381209600.0
train,v2.5_0199,1614,486103056384.0
train,v2.5_3028,1615,726319235072.0
train,v2.5_2202,1616,367454584832.0
train,v2.5_0705,1617,36574330880.0
train,v2.5_1008,1618,240769826816.0
train,v2.5_2157,1619,440804573184.0
train,v2.5_0054,1620,438254436352.0
train,v2.5_1640,1621,65699577856.0
train,v2.5_3075,1622,433103831040.0
train,v2.5_1456,1623,1744142598144.0
train,v2.5_1764,1624,710129221632.0
train,v2.5_3301,1625,469275508736.0
train,v2.5_1716,1626,84188069888.0
train,v2.5_3232,1627,396009406464.0
train,v2.5_1438,1628,85899345920.0
train,v2.5_1481,1629,701874831360.0
train,v2.5_0159,1630,234545479680.0
train,v2.5_1846,1631,651375411200.0
train,v2.5_3346,1632,324219699200.0
train,v2.5_3007,1633,228757340160.0
train,v2.5_0195,1634,1452974014464.0
train,v2.5_0734,1635,473872465920.0
train,v2.5_0120,1636,392435859456.0
train,v2.5_1570,1637,144737042432.0
train,v2.5_0959,1638,243487735808.0
train,v2.5_2361,1639,2001907744768.0
train,v2.5_3138,1640,633306349568.0
train,v2.5_3336,1641,1008730112000.0
train,v2.5_3260,1642,523398807552.0
train,v2.5_0357,1643,846158888960.0
train,v2.5_1530,1644,353747599360.0
train,v2.5_0550,1645,165742116864.0
train,v2.5_1975,1646,261573574656.0
train,v2.5_0107,1647,238857224192.0
train,v2.5_1591,1648,1155966959616.0
train,v2.5_1010,1649,236575522816.0
train,v2.5_3009,1650,367437807616.0
train,v2.5_1592,1651,94816436224.0
train,v2.5_0525,1652,562892374016.0
train,v2.5_0742,1653,1677855817728.0
train,v2.5_1885,1654,2554196918272.0
train,v2.5_1506,1655,140156862464.0
train,v2.5_0622,1656,121500598272.0
train,v2.5_1130,1657,381463560192.0
train,v2.5_0706,1658,25719472128.0
train,v2.5_3165,1659,162520891392.0
train,v2.5_1024,1660,295211892736.0
train,v2.5_0085,1661,682430038016.0
train,v2.5_1467,1662,463218933760.0
train,v2.5_1348,1663,2264924160.0
train,v2.5_1472,1664,640822542336.0
train,v2.5_0269,1665,1369381535744.0
train,v2.5_1886,1666,42698014720.0
train,v2.5_1920,1667,176261431296.0
train,v2.5_1623,1668,1131975540736.0
train,v2.5_0288,1669,1547152916480.0
train,v2.5_2315,1670,435049988096.0
train,v2.5_3130,1671,488837742592.0
train,v2.5_0643,1672,1134374682624.0
train,v2.5_0964,1673,491522097152.0
train,v2.5_1183,1674,132607115264.0
train,v2.5_0727,1675,731369177088.0
train,v2.5_1794,1676,669729685504.0
train,v2.5_3133,1677,231710130176.0
train,v2.5_1907,1678,762893565952.0
train,v2.5_3042,1679,1079563517952.0
train,v2.5_3343,1680,602100727808.0
train,v2.5_0475,1681,740445650944.0
train,v2.5_1234,1682,394549788672.0
train,v2.5_2344,1683,295933313024.0
train,v2.5_1143,1684,21676163072.0
train,v2.5_3212,1685,491270438912.0
train,v2.5_3110,1686,354133475328.0
train,v2.5_1490,1687,176630530048.0
train,v2.5_0572,1688,122456899584.0
train,v2.5_3137,1689,314841235456.0
train,v2.5_1070,1690,361716776960.0
train,v2.5_3277,1691,791767154688.0
train,v2.5_1614,1692,399767502848.0
train,v2.5_2053,1693,87124082688.0
train,v2.5_3085,1694,1099067031552.0
train,v2.5_0905,1695,52428800000.0
train,v2.5_2092,1696,209237049344.0
train,v2.5_2229,1697,326283296768.0
train,v2.5_1171,1698,74138517504.0
train,v2.5_1215,1699,1176451940352.0
train,v2.5_0970,1700,3122969706496.0
train,v2.5_2052,1701,272780754944.0
train,v2.5_0051,1702,257815478272.0
train,v2.5_3017,1703,480717570048.0
train,v2.5_0683,1704,60548972544.0
train,v2.5_0978,1705,503115153408.0
train,v2.5_1451,1706,4019082756096.0
train,v2.5_2068,1707,279474864128.0
train,v2.5_0585,1708,296906391552.0
train,v2.5_1269,1709,45634027520.0
train,v2.5_3198,1710,179566542848.0
train,v2.5_1860,1711,90630520832.0
train,v2.5_0257,1712,1745065345024.0
train,v2.5_0542,1713,231357808640.0
train,v2.5_3122,1714,338782322688.0
train,v2.5_1006,1715,41557164032.0
train,v2.5_3005,1716,436207616000.0
train,v2.5_0716,1717,1587443400704.0
train,v2.5_1197,1718,515597402112.0
train,v2.5_0548,1719,477898997760.0
train,v2.5_0388,1720,410639138816.0
train,v2.5_0620,1721,290614935552.0
train,v2.5_0193,1722,1306659913728.0
train,v2.5_1331,1723,179348439040.0
train,v2.5_0392,1724,33218887680.0
train,v2.5_2243,1725,2603010228224.0
train,v2.5_1284,1726,749991886848.0
train,v2.5_2282,1727,562103844864.0
train,v2.5_0328,1728,783831531520.0
train,v2.5_3016,1729,349754621952.0
train,v2.5_1941,1730,481791311872.0
train,v2.5_1700,1731,2148867768320.0
train,v2.5_0887,1732,618676617216.0
train,v2.5_1573,1733,287762808832.0
train,v2.5_0951,1734,108632473600.0
train,v2.5_0768,1735,604634087424.0
train,v2.5_0494,1736,259962961920.0
train,v2.5_3161,1737,927629049856.0
train,v2.5_2269,1738,657096441856.0
train,v2.5_1691,1739,1194252566528.0
train,v2.5_1887,1740,38552649859072.0
train,v2.5_1687,1741,613609897984.0
train,v2.5_0821,1742,875183472640.0
train,v2.5_3065,1743,73836527616.0
train,v2.5_0576,1744,737291534336.0
train,v2.5_2071,1745,70145540096.0
train,v2.5_1030,1746,229562646528.0
train,v2.5_2128,1747,358982090752.0
train,v2.5_1083,1748,1073255284736.0
train,v2.5_1909,1749,56857985024.0
train,v2.5_2221,1750,713233006592.0
train,v2.5_2328,1751,556147933184.0
train,v2.5_1302,1752,1156436721664.0
train,v2.5_0993,1753,83684753408.0
train,v2.5_0082,1754,89070239744.0
train,v2.5_1460,1755,1953035714560.0
train,v2.5_0185,1756,559218163712.0
train,v2.5_3296,1757,221392142336.0
train,v2.5_1260,1758,115947339776.0
train,v2.5_1465,1759,1909398175744.0
train,v2.5_0777,1760,410857242624.0
train,v2.5_0843,1761,433506484224.0
train,v2.5_0691,1762,638524063744.0
train,v2.5_0039,1763,277226717184.0
train,v2.5_1081,1764,323800268800.0
train,v2.5_3261,1765,656433741824.0
train,v2.5_1236,1766,357438586880.0
train,v2.5_3323,1767,1097976512512.0
train,v2.5_3020,1768,992607207424.0
train,v2.5_3132,1769,147454951424.0
train,v2.5_0155,1770,53653536768.0
train,v2.5_2214,1771,904476491776.0
train,v2.5_1335,1772,555694948352.0
train,v2.5_1139,1773,297258713088.0
train,v2.5_0989,1774,135123697664.0
train,v2.5_0994,1775,761316507648.0
train,v2.5_3242,1776,2920661647360.0
train,v2.5_1890,1777,1822257315840.0
train,v2.5_3229,1778,73215770624.0
train,v2.5_0746,1779,1007119499264.0
train,v2.5_2040,1780,95277809664.0
train,v2.5_1016,1781,242380439552.0
train,v2.5_1931,1782,1440693092352.0
train,v2.5_2362,1783,421980536832.0
train,v2.5_1690,1784,21961375744.0
train,v2.5_0907,1785,182418669568.0
train,v2.5_2095,1786,449277067264.0
train,v2.5_1792,1787,465970397184.0
train,v2.5_0242,1788,479241175040.0
train,v2.5_1166,1789,616495579136.0
train,v2.5_1714,1790,705263828992.0
train,v2.5_3111,1791,333698826240.0
train,v2.5_2336,1792,211745243136.0
train,v2.5_0935,1793,242942476288.0
train,v2.5_1587,1794,1078691102720.0
train,v2.5_0277,1795,300580601856.0
train,v2.5_1053,1796,345979748352.0
train,v2.5_3186,1797,240887267328.0
train,v2.5_1652,1798,524153782272.0
train,v2.5_1448,1799,460870123520.0
train,v2.5_2169,1800,855990337536.0
train,v2.5_2167,1801,1352243609600.0
train,v2.5_0458,1802,759387127808.0
train,v2.5_1741,1803,7683964928.0
train,v2.5_0940,1804,64072187904.0
train,v2.5_1560,1805,739455795200.0
train,v2.5_1251,1806,3274845454336.0
train,v2.5_0917,1807,265012903936.0
train,v2.5_3255,1808,3620456103936.0
train,v2.5_3223,1809,239528312832.0
train,v2.5_1289,1810,29695672320.0
train,v2.5_0962,1811,279189651456.0
train,v2.5_0238,1812,97760837632.0
train,v2.5_3224,1813,398861533184.0
train,v2.5_2072,1814,107390959616.0
train,v2.5_1341,1815,517325455360.0
train,v2.5_2322,1816,163493969920.0
train,v2.5_1247,1817,2689438056448.0
train,v2.5_0895,1818,90815070208.0
train,v2.5_1190,1819,1165529972736.0
train,v2.5_0111,1820,1731777789952.0
train,v2.5_0279,1821,783252717568.0
train,v2.5_2284,1822,738080063488.0
train,v2.5_1346,1823,411159232512.0
train,v2.5_1142,1824,958096474112.0
train,v2.5_0206,1825,1435139833856.0
train,v2.5_1693,1826,556919685120.0
train,v2.5_2212,1827,460702351360.0
train,v2.5_1518,1828,252765536256.0
train,v2.5_2291,1829,163510747136.0
train,v2.5_2145,1830,246910287872.0
train,v2.5_1187,1831,551735525376.0
train,v2.5_0901,1832,52076478464.0
train,v2.5_2377,1833,125292249088.0
train,v2.5_3118,1834,513013710848.0
train,v2.5_1851,1835,199816642560.0
train,v2.5_3257,1836,306419073024.0
train,v2.5_1645,1837,117893496832.0
train,v2.5_1133,1838,288870105088.0
train,v2.5_3295,1839,256624295936.0
train,v2.5_0431,1840,616931786752.0
train,v2.5_0351,1841,19159580672.0
train,v2.5_1551,1842,1260640010240.0
train,v2.5_0117,1843,350123720704.0
train,v2.5_1787,1844,1013461286912.0
train,v2.5_0654,1845,1033459728384.0
train,v2.5_2345,1846,340325826560.0
train,v2.5_1976,1847,140760842240.0
train,v2.5_3066,1848,461507657728.0
train,v2.5_1948,1849,392704294912.0
train,v2.5_0160,1850,5827029106688.0
train,v2.5_1735,1851,870192250880.0
train,v2.5_1360,1852,1182894391296.0
train,v2.5_1304,1853,1754678689792.0
train,v2.5_3285,1854,855688347648.0
train,v2.5_1866,1855,50784632832.0
train,v2.5_2264,1856,578730065920.0
train,v2.5_3001,1857,1058256453632.0
train,v2.5_1575,1858,1383700889600.0
train,v2.5_0375,1859,438573203456.0
train,v2.5_1763,1860,324018372608.0
train,v2.5_0798,1861,42412802048.0
train,v2.5_0487,1862,340913029120.0
train,v2.5_1513,1863,1790699372544.0
train,v2.5_0875,1864,474493222912.0
train,v2.5_2347,1865,56203673600.0
train,v2.5_0782,1866,1082918961152.0
train,v2.5_3121,1867,19293798400.0
train,v2.5_2051,1868,973816725504.0
train,v2.5_0725,1869,166396428288.0
train,v2.5_3151,1870,843088658432.0
train,v2.5_0016,1871,154551713792.0
